source_id,ra,ra_error,dec,dec_error,parallax,parallax_error,parallax_over_error,pm,pmra,pmra_error,pmdec,pmdec_error,ra_dec_corr,ra_parallax_corr,ra_pmra_corr,ra_pmdec_corr,dec_parallax_corr,dec_pmra_corr,dec_pmdec_corr,parallax_pmra_corr,parallax_pmdec_corr,pmra_pmdec_corr,astrometric_n_obs_al,astrometric_gof_al,astrometric_chi2_al,astrometric_excess_noise,astrometric_excess_noise_sig,astrometric_primary_flag,nu_eff_used_in_astrometry,astrometric_matched_transits,visibility_periods_used,astrometric_sigma5d_max,matched_transits,new_matched_transits,ipd_gof_harmonic_amplitude,ipd_gof_harmonic_phase,ruwe,scan_direction_strength_k1,scan_direction_strength_k2,scan_direction_strength_k3,scan_direction_strength_k4,scan_direction_mean_k1,scan_direction_mean_k2,scan_direction_mean_k3,scan_direction_mean_k4,phot_g_n_obs,phot_g_mean_flux,phot_g_mean_flux_error,phot_g_mean_flux_over_error,phot_g_mean_mag,phot_bp_n_obs,phot_bp_mean_flux,phot_bp_mean_flux_error,phot_bp_mean_flux_over_error,phot_bp_mean_mag,phot_rp_n_obs,phot_rp_mean_flux,phot_rp_mean_flux_error,phot_rp_mean_flux_over_error,phot_rp_mean_mag,phot_bp_rp_excess_factor,bp_rp,bp_g,g_rp,l,b,ecl_lon,ecl_lat,has_xp_continuous,has_xp_sampled,has_epoch_photometry,has_mcmc_gspphot,classprob_dsc_combmod_quasar,classprob_dsc_combmod_galaxy,classprob_dsc_combmod_star,teff_gspphot,teff_gspphot_lower,teff_gspphot_upper,logg_gspphot,logg_gspphot_lower,logg_gspphot_upper,mh_gspphot,mh_gspphot_lower,mh_gspphot_upper,distance_gspphot,distance_gspphot_lower,distance_gspphot_upper,azero_gspphot,azero_gspphot_lower,azero_gspphot_upper,ag_gspphot,ag_gspphot_lower,ag_gspphot_upper,ebpminrp_gspphot,ebpminrp_gspphot_lower,ebpminrp_gspphot_upper
3496509309189181184,0.5313997052619014,0.011282714117754,0.3506543536774546,0.0053467878850247,0.0193568223480858,0.0095543510903506,0.0083850572390491,0.0125935803952626,0.4383259604983536,0.0166442654108992,0.6273424614453247,0.0101497189581826,0.4614385489101343,0.2726307843549226,0.4818298125826324,0.5972547442313387,0.5594986133831928,0.5915240567152642,0.4877828498681993,0.5689648970694393,0.4709919261223141,0.4805381397804111,0.1803389830508474,0.0117675404113996,2.5786478216773547e-05,0.0026783341617328,2.663000880632916e-06,0.0,0.1042486448027992,0.1686746987951807,0.25,0.0155930228830188,0.1035598705501618,0.0345911949685534,0.0106063582353861,0.6930219436547649,0.0058159059032508,0.0399509671694681,0.6857568668741607,0.2082195001243579,0.5293265593299238,0.9800189290145828,0.9176551478759652,0.2160258416129617,0.0015654950757822,0.1395860854249229,4.892794420407493e-06,4.88198346177419e-07,0.0869647038840297,0.7120537909695597,0.15,1.5311484439887705e-06,4.795895587331583e-07,0.0001833591863818,0.6671991197742189,0.1455938697318007,1.075680686987534e-05,4.784093834148546e-07,0.0001303420635252,0.602959012298947,0.0101977250934115,0.5661062621459559,0.6313973543252754,0.4658947476462728,0.8367141925952151,0.6999806797610145,0.559031274869838,0.3879001562229604,1.0,0.0,0.0,0.0,0.0061709284569925,0.061542337516923,0.8294258959281978,0.0385167998003349,0.0383913242767952,0.0802293219103799,0.8493002427102139,0.4823846093008772,0.7850338350728135,0.7881074967062192,0.3510592879744942,0.9468329633688344,0.007089798100823,0.0318899907661433,0.086364065652683,0.0688810808671465,0.0662341285944468,0.1021074282787798,0.0638868312460939,0.0613898911422069,0.1867545611922207,0.0685473020785883,0.145171107843081,0.0713761336068811
4843191593270342656,0.1639327060925967,0.014544134004588,0.2747278903892508,0.0184291435008675,0.0126440277441981,0.0128189805636621,0.0043340899839097,0.0045694170027159,0.4395976791402948,0.0202234251875465,0.6336125440591921,0.0259316458045417,0.4816275209896866,0.5811560772878037,0.5299961613337771,0.5019634405236917,0.5159721014758448,0.5136597980436108,0.4336596791022979,0.5511450559168257,0.4485765043512426,0.4511672112631547,0.2257627118644067,0.0125075315226446,3.4463579199983045e-05,0.0,0.0,0.0,0.104628776868674,0.216867469879518,0.7916666666666666,0.0255720136846147,0.1326860841423948,0.0566037735849056,0.0010335363318114,0.1830727186224063,0.0061266811227671,0.0395334532574932,0.6853988233400082,0.2079213945981243,0.5284907287713412,0.9801780149744392,0.9179401020742098,0.2157414780055548,0.0018458104013405,0.1726111845002201,9.782373920597416e-07,1.4944633513796644e-07,0.0498618553082732,0.8042079008301418,0.1576923076923077,3.567509671392475e-07,2.596314869046906e-07,7.913270814447637e-05,0.7395891632574941,0.1570881226053639,2.0907709575454574e-06,3.4795991216035615e-07,3.487609246089041e-05,0.689179538319394,0.0098275111115462,0.5453718284309744,0.6161921331781427,0.4592138630142563,0.6794746403607178,0.2224239119224499,0.1137058579607218,0.1732523910602353,0.0,0.0,0.0,1.0,0.0061709284569634,0.0615423375168465,0.8318408052418582,0.0225309659790911,0.0224715338829709,0.064772479958982,0.9065389876291556,0.5104040743731718,0.8392842787984852,0.7339099166617776,0.3243140714506672,0.9313146992371664,0.0068490346248558,0.0311695331892223,0.0862878336964952,0.0796407985481116,0.0765223006748879,0.1121041610524678,0.0724135507478079,0.069521173214654,0.1938070461194911,0.0780981427743248,0.1535173044547439,0.0804464164938933
4649396037451459712,0.2055905580220322,0.0266373977612187,0.0877790608519156,0.029009138366888,0.0122325881257875,0.0201619447889465,0.002753501261746,0.0062263589388238,0.4428322190514854,0.0365596430099882,0.6349497770490257,0.0378923096638622,0.4979584667980413,0.5469318709613137,0.4344948645704242,0.4894118343815075,0.6544525242667549,0.5365432260187379,0.4526900851650813,0.6555079675659867,0.4544473119175427,0.5113850542584386,0.1532203389830508,0.0094737709320007,1.9591906390868647e-05,0.0,0.0,0.0,0.1034622805865764,0.144578313253012,0.625,0.0372656226492594,0.1003236245954692,0.0534591194968553,0.001447614372514,0.9060642536037802,0.0046326520815096,0.0393508918751138,0.6851910085213232,0.20799321086205,0.5285273871767093,0.9802454221079632,0.9179609361843905,0.2155645183973309,0.0018679919488938,0.1303390576838397,5.068566147857272e-07,1.2449884502618536e-07,0.0305401759256354,0.8406677236359352,0.1346153846153846,1.3589995586386925e-07,2.312733816646186e-07,3.4032040983493965e-05,0.7872519220276089,0.1340996168582375,1.2057151682990682e-06,2.28262732109073e-07,3.071540452428432e-05,0.7180874191721198,0.0101899656926835,0.5915488056785236,0.6551728493887998,0.4687413722653532,0.7950804006402246,0.3121186092974641,0.8274009622759849,0.0512875301799174,0.0,0.0,0.0,1.0,0.0061709284569581,0.061542337516761,0.8322852783403273,0.0175084155864754,0.0175615114053181,0.0600279592845324,0.9094562295529288,0.5138170051485155,0.8401894789984583,0.7872976813640268,0.3497969303342315,0.9456700445437936,0.0070251983777927,0.0313033426055339,0.0864836101298032,0.0901409055991256,0.0847225427723859,0.1253850691537359,0.0781465280462721,0.0733618132008313,0.2011173363702798,0.0911709848516156,0.1633773876779275,0.0966180101697999
2660349163149053824,0.9776771424065464,0.0306978598825667,0.5283469054956822,0.0294703548689846,0.0126868053129893,0.0265075561187259,0.0021876168769021,0.005311855621047,0.435840235149535,0.0434984560315366,0.6346953752735717,0.0335418207944589,0.7143069704351678,0.4621275079191747,0.3455308681606412,0.3024505075124707,0.2480857708471791,0.285669086377866,0.4524970028438462,0.5859064888125989,0.4686781337619602,0.7437080671076615,0.0779661016949152,0.0108048193702884,1.0203186035764529e-05,0.0,0.0,0.0,0.1047696538550924,0.072289156626506,0.1666666666666666,0.0491810268001923,0.058252427184466,0.0251572327044025,0.007790486647603,0.0012321547613829,0.0052680400833896,0.0396900248130431,0.6856354835762162,0.2085965962554349,0.529017554844502,0.980141643448468,0.917542335140547,0.2155151430291805,0.0017765623056507,0.0783795684720387,1.0277992641654215e-06,2.1487377941764785e-07,0.0386837670251727,0.8014258810824231,0.0846153846153846,3.766807211851918e-07,3.910263439335114e-07,5.54099577684573e-05,0.7368943122476074,0.0881226053639846,2.1768490920434594e-06,2.945505165553281e-07,4.290182830677599e-05,0.6870586430775213,0.0097618719664601,0.5438055736360962,0.6154460005957878,0.4582883743772603,0.2436890049941724,0.2109635822828572,0.9851413295906826,0.5438865702616803,0.0,0.0,0.0,1.0,0.0061709284569609,0.0615423375167919,0.8320501675005411,0.0236353014359882,0.0236771518709805,0.0660204442944065,0.9108505915796524,0.513402717938179,0.8423243344228482,0.7223109132771631,0.3225186005397362,0.9314323664004684,0.0067418942392121,0.0309170707677687,0.0869317872424475,0.0802408027920048,0.0767323060680781,0.113942013528477,0.0736380730696455,0.0703560927870738,0.195916479332509,0.0781465615363144,0.153184939724633,0.0816810769894731
3190232820489766656,0.1681455116934514,0.0137934696372968,0.4393274885104187,0.0093764625291115,0.0094912544262432,0.0125775535463629,0.003401083855572,0.0064252734323863,0.4422776348342284,0.0199646392998542,0.6403591510886927,0.0145297424217198,0.297036206317976,0.6696160364487812,0.5076942696133268,0.5339069689507201,0.4208496619588263,0.5187140630244442,0.5096012351684874,0.650090828602486,0.4811047201322431,0.3928181326086641,0.263728813559322,0.0124209626042805,3.916124089530437e-05,0.0025014151080823,1.010258419860243e-06,0.0,0.1061292789539692,0.2650602409638554,0.4166666666666667,0.019642874031406,0.1553398058252427,0.0283018867924528,0.0022047986696618,0.6470081263750749,0.0060501911098631,0.0398785530298483,0.6857376215704802,0.2083030739190191,0.5293714835338273,0.9803219425595237,0.9177399680613836,0.2159900532114763,0.0017887783222256,0.1853808894760017,1.9052888194783847e-06,1.9930620217678882e-07,0.0757470131311739,0.7663581429217223,0.1807692307692307,9.42526771888665e-07,2.499473391617866e-07,0.0002167566803585,0.6913401942878408,0.1954022988505747,3.864229078958709e-06,3.0548038252664746e-07,7.337967544336713e-05,0.6568707711583897,0.0100653090841672,0.5051664834199592,0.5786367931996114,0.4546991284945911,0.5626335534617602,0.2639156100106669,0.1548216207132616,0.3282874170867235,1.0,0.0,0.0,1.0,0.0061709284569712,0.0615423375169253,0.8311954535212548,0.0258068526871733,0.0236814804845671,0.0682516556534447,0.8238110983932424,0.4598903847597166,0.7698064375927812,0.6419867922601863,0.2707781801425487,0.9111348476777954,0.0093614333912581,0.0328643113211375,0.0886684230390315,0.0547405479199916,0.0373111221078361,0.0882701086640795,0.0517219766358088,0.0350945569245565,0.1760586769892758,0.0527513465480647,0.117533533058615,0.0553175026219385
2956570141274256512,0.2178991940667177,0.0056261216241613,0.359996395699838,0.006377942476653,0.00980214345526,0.0058589129711189,0.0067966597738529,0.0033464027765068,0.4400483551162159,0.0085607831903056,0.634804432592995,0.0091782089687725,0.4901933915594103,0.4883442668408364,0.5034888590545924,0.4697364743753601,0.5041799107346694,0.4750436927832417,0.4017174389139569,0.5273340194802566,0.5104852976103943,0.4609847725301455,0.3138983050847457,0.0114815914075526,4.189879132651661e-05,0.0,0.0,0.0,0.10562804146291,0.3192771084337349,0.8333333333333334,0.008780063965787,0.2006472491909385,0.0880503144654088,0.002498301283951,0.7571128508433251,0.0056400693738579,0.0394635993035409,0.685277690815258,0.2078552027835321,0.5289137205959364,0.9803203574278984,0.9179295263483884,0.2155438991757022,0.0015782475334348,0.2391017173051519,3.58878189829153e-06,2.774114941224063e-07,0.1067245373562713,0.7299626016715994,0.2384615384615384,1.5198968475058866e-06,3.212610636271801e-07,0.0002717921057343,0.6675662015195394,0.2337164750957854,7.043984533531123e-06,3.69814651252113e-07,0.0001104407453747,0.6252592002743413,0.0095221412421625,0.5190526037519527,0.5960337140928872,0.4516303346332183,0.6308644849034023,0.323057273393303,0.2063379547223792,0.2333291536486167,1.0,0.0,0.0,1.0,0.0061709284569688,0.0615423375168115,0.8313925120263468,0.0288768285195833,0.0290181047747887,0.0708018729925961,0.8604323049116438,0.4896106944974266,0.7934268285238996,0.8466668062424119,0.3809213855326936,0.9599665566672632,0.0084221711169514,0.0327812372904444,0.087633689207486,0.0704607032178724,0.0695920928963911,0.1019862950356243,0.0660961510121667,0.0652769869713962,0.1872968863310533,0.069092404555805,0.1472245753738344,0.0702060242511144
2644370304260053376,0.9830145001798394,0.0153045825825158,0.499555432310572,0.0114512617324626,0.0105202264581133,0.010936088688687,0.00423444263778,0.0097266928721732,0.4341657888982347,0.0248405715462985,0.6316255628829552,0.0176268040297621,0.662946699481021,0.4094544209216598,0.2973154386944864,0.3611867664170503,0.3768998049250993,0.3569856462547045,0.4452773583893706,0.6641103545250017,0.5401002292603544,0.7199970833394072,0.079322033898305,0.0113310796213961,1.155617170562664e-05,0.0042161996990599,3.250000826467507e-06,0.0,0.1058024319467392,0.072289156626506,0.1666666666666666,0.026529508668833,0.0550161812297734,0.0251572327044025,0.0063207184026764,0.3807155174300854,0.0056259243863741,0.0394829747384009,0.6855229770094574,0.2082700779442136,0.5292248887549512,0.9800365195715496,0.9175790593786926,0.2154954787808076,0.0017492321910786,0.0739762219286657,3.1148814407904427e-06,4.769568219416297e-07,0.0566142964152947,0.738128406425049,0.0769230769230769,1.3470606672659016e-06,3.781349095015317e-07,0.0002046467096032,0.6735739806015507,0.0842911877394636,6.072464067094388e-06,4.473771723754668e-07,7.869958626351247e-05,0.6330747987805848,0.0094826236178364,0.5159145266702252,0.5937242856836665,0.4506277580330097,0.2384480963132611,0.1808436097079237,0.9843256625055704,0.5132222711984117,0.0,0.0,0.0,0.0,0.0061709284569712,0.0615423375168224,0.8311954535212548,0.0238210718353821,0.0232300003330538,0.0661716279276537,0.8236276389146354,0.4610839533620667,0.76447776874128,0.7209570265411158,0.3174147374058059,0.9277579533935332,0.0082330600761364,0.0325176651682794,0.0875939798635736,0.0568305699548573,0.0517115511072729,0.0905335706598288,0.0532943689622772,0.048411562672706,0.1776589379139776,0.0538891694177315,0.1296315247105241,0.0566974158080615
5085509597958589184,0.1491936721169364,0.0042918181600501,0.3636643254756396,0.00600606613847,0.0008964622392729,0.0056786677359343,0.0013388666613469,0.0006844748535565,0.4384422577389524,0.0072446500929554,0.6368794322667575,0.0091074242067102,0.3991163881056951,0.5396875627569652,0.6664704250240683,0.5105033303982399,0.4014382104210798,0.5311853848985105,0.5721829606998211,0.5317232304534233,0.4695872986942415,0.301407291779299,0.3064406779661017,0.0109769511388853,3.959047357283768e-05,0.0,0.0,0.0,0.1134523988097416,0.3012048192771084,0.5833333333333334,0.0094173610571554,0.1974110032362459,0.0471698113207547,0.0093691999337884,0.136352843166474,0.0054420861809113,0.039691598889129,0.6856399069367269,0.2083211137633541,0.5286889061465522,0.9804786215511408,0.9179126686884198,0.2156861879027693,0.0017337279325991,0.2360193747247908,6.110667579678395e-06,2.9409437151949985e-07,0.1722487842771414,0.6991856573519016,0.2192307692307692,6.032914211173823e-06,4.040586304468042e-07,0.0008573591263332,0.5989119348634323,0.2222222222222222,6.9515370768345575e-06,3.207498090008392e-07,0.0001256709287872,0.6259549613242182,0.0080869213611284,0.361627990327278,0.495901396187393,0.3848951116487058,0.6063193566580433,0.2035175901781912,0.1203153087203137,0.2651935108507767,1.0,0.0,0.0,1.0,0.006170928456958,0.0615423375167603,0.8322877093238997,0.0786236710821393,0.0789042766235486,0.1184101403468367,0.8162703626566766,0.4634315808873069,0.7557674055034828,0.6570210452079797,0.2944929202114342,0.9106160441966632,0.0403202177810804,0.0629474966598895,0.1177307781338534,0.0005700057174092,0.0001500045075504,0.0339954046971351,0.0006679190398076,0.0001808997731184,0.1300874921099744,0.0006294332527092,0.0849398601285586,0.0014525383635633
3462639162734302464,0.5031689804161951,0.0051199512382944,0.3051071674058994,0.0036520299368465,0.0006574324852734,0.0051099071679357,0.0012963872205468,0.0006592941908496,0.4386344397550844,0.0091444341050853,0.637484808521005,0.0048956020557331,0.496357755849998,0.3857687780443374,0.4638659073140468,0.4638327962024814,0.4725804078631988,0.4615802948690503,0.5847067438028113,0.6224137115412736,0.4641293276705764,0.5946150742964812,0.2332203389830508,0.0103428377437632,2.8427332176878388e-05,0.0,0.0,0.0,0.1134625318271266,0.2289156626506024,0.4583333333333333,0.0082767333943677,0.1391585760517799,0.050314465408805,0.0056387061503937,0.7031310623524784,0.0051537788664227,0.0396161316868991,0.685381448021906,0.2079753432922327,0.5289392082699055,0.9800832062834244,0.9176645306300544,0.2159275957404726,0.0015433679060527,0.1673271686481726,7.634915564269092e-06,3.336748941787572e-07,0.1921788954273477,0.6862765288886289,0.1846153846153846,7.475001496940128e-06,4.7134330627184084e-07,0.0009106240563679,0.5882336906036889,0.1762452107279693,8.545205431358694e-06,2.5837008033589264e-07,0.0001917722612932,0.6150836254734194,0.0079704099203921,0.3607201908774854,0.496759459011425,0.3830092715598901,0.8116532323046093,0.649075625838499,0.5460231565773358,0.3257313921729757,1.0,0.0,0.0,1.0,0.0061709284569584,0.0615423375167621,0.8322558584779105,0.0814158931753931,0.0806130879487261,0.1219492117614865,0.8006385127477237,0.4554022733144044,0.7415917993489252,0.6922222087457588,0.3070156170852818,0.9210242068925398,0.04345728851136,0.0658698059161859,0.1202960429549124,0.0067300673217362,0.0037401123354802,0.0419078459050131,0.0078619631874617,0.0043555100279262,0.1384403784950383,0.0074079452266416,0.0885293739452518,0.010482485581274
6502798709139275136,0.969991455720008,0.0042610340272358,0.2217923763688157,0.0045483798809545,0.0003390503482707,0.0048624050084003,0.00112219650963,0.0018297378339295,0.440121013707109,0.0062556746133959,0.6366260266174815,0.0054085046154336,0.4601167054563152,0.5567438460655386,0.5485523587524636,0.6016501785187415,0.36472025299934,0.6548142948686205,0.4887864493530637,0.3779827621343504,0.400692200270606,0.4622940591573876,0.2779661016949152,0.0113722247588558,3.732155853720908e-05,0.0,9.45973895324457e-21,0.0,0.1137617104569522,0.2710843373493976,0.5833333333333334,0.0056351809439715,0.1521035598705501,0.0628930817610062,0.0097925758979348,0.9383473628706616,0.0056014317389377,0.0394599116070308,0.685273671923722,0.2081828208528081,0.5286180237916436,0.9801735604732418,0.9178777661682072,0.2159137794035262,0.0017842170077321,0.1871422280933509,7.0035496182333205e-06,3.186692781476507e-07,0.1837420551573624,0.6912817385223101,0.2,7.0538867851342456e-06,5.631631518751586e-07,0.0007191994654948,0.5911226318185305,0.1954022988505747,7.687458061247401e-06,3.527790440434108e-07,0.0001263477143631,0.6206551769948655,0.0079885546792933,0.3553173375975019,0.4934668875451047,0.380568333174177,0.9300561416524782,0.1617735919994016,0.9073054799531836,0.2724409526950295,1.0,0.0,0.0,1.0,0.0061709284569579,0.0615423375167595,0.8323012533752315,0.0851515946051919,0.085493935442929,0.1245714632975733,0.8141788196165912,0.4644377136888859,0.7508998471811986,0.6792693065805915,0.3047644499292418,0.9162373083990474,0.0410435159328438,0.0647936493990111,0.1169500795077623,0.0004800048293656,0.0001100033039847,0.0337922735524457,0.0005565991998396,0.0001252383019743,0.1298935208595648,0.0005325973633412,0.0848955451519248,0.0012104487047051
6836154657401562112,0.8925446667945809,0.0052213902358028,0.4138012547509687,0.0032732261197648,0.0019294921795092,0.00395082720468,0.0026546233218793,0.0004029581735662,0.4390377682489318,0.0076352561159879,0.6373327670842697,0.004792497288714,0.7215306182150855,0.7000359097481738,0.3509187367723437,0.3441880948198587,0.6274491016546392,0.3889175082155802,0.203037216830579,0.2650317260946248,0.3021309584793191,0.692721954934368,0.1098305084745762,0.0104596789541552,1.3114559650276803e-05,0.0,0.0,0.0,0.1133575632136772,0.1024096385542168,0.25,0.0077054208167191,0.0679611650485436,0.050314465408805,0.0059971435727461,0.3855659480614021,0.0050941695748456,0.0394292338410973,0.6857846639406627,0.2080790187966209,0.5286848677499125,0.9802121014304488,0.9175774970483608,0.2154384166651699,0.0017901143093486,0.0915896081021576,2.474175411478465e-05,1.1696278789910998e-06,0.1912973651577656,0.6179539357399654,0.1,2.3848250656262388e-05,8.75994082697224e-07,0.0015631410879889,0.5304268952556687,0.0996168582375478,2.7662308937930428e-05,8.415963465482328e-07,0.0001904990169809,0.5531911243983303,0.0079240150682157,0.3623347635491131,0.4982462363844523,0.3832129266986582,0.0989296530558676,0.2722395826726559,0.8855061794676289,0.4982900543046102,1.0,1.0,0.0,1.0,0.006170928456959,0.0615423375167649,0.8322050558824386,0.0827124172151057,0.0828906803779412,0.1222623431080632,0.782548113354834,0.44553825851925,0.7240002942121212,0.8079293593121595,0.3632128008119403,0.9499113966567728,0.0273863927358362,0.0508597376147801,0.105288212411079,0.0101401018224421,0.0094002820695735,0.0431943432147699,0.0118416477740997,0.0109513937267144,0.1397618073632452,0.0110392910497597,0.0941352198243052,0.0117655612354228
2886776063720502144,0.2580855681115838,0.0020187653267143,0.3148744350182119,0.0019524586312369,0.0021854762714484,0.0011511854871715,0.0060937317558169,0.0018193103373843,0.4391359161468067,0.0032531325866354,0.6384449053202732,0.002773387223393,0.5054274226067635,0.5168139002442358,0.4564810680621447,0.5197704986313884,0.524350344774786,0.5221284086065799,0.4175803260636671,0.5465042460807925,0.4770179392582703,0.5079272592030243,0.2488135593220339,0.0163718744460402,5.005486197519445e-05,0.0033157850985899,3.315340076121472e-05,0.0,0.1138769117205139,0.2409638554216867,0.875,0.0022738499779535,0.145631067961165,0.0723270440251572,0.0007756314815639,0.5041455746921755,0.0078606953918447,0.0395171033543252,0.6851366098033196,0.2078563927685558,0.5286826088297305,0.980188165298834,0.9173361165438252,0.21572477686442,0.0014528830028622,0.1712901805372083,4.12927522246672e-05,1.855125432601386e-06,0.2036191171168735,0.588143159579461,0.1846153846153846,4.1438726955616816e-05,1.0029776118559833e-06,0.002372264478342,0.5028946700275555,0.1762452107279693,4.470887467213034e-05,8.548335860777085e-07,0.0003031266268195,0.52788973770739,0.0079358563543236,0.3541345438121353,0.4934313722140268,0.3793173860857525,0.6670033728174863,0.3760792807746185,0.2623157999191747,0.1849557768296004,1.0,1.0,0.0,0.0,0.0061709284569624,0.061542337516781,0.8319236075190481,0.089255560819599,0.0894412346172693,0.1285841299102423,0.7787134865513881,0.4453902853626062,0.7183641911946372,0.7759007486491274,0.3492045197831974,0.9412307989603308,0.026724504590134,0.0505896838468643,0.1040989482880582,0.0023800238873966,0.001720051730041,0.0356494725381282,0.0027969107605056,0.0020177281750764,0.1318696030225093,0.0026145689565708,0.0865130421408388,0.0033408382212235
387557473467906432,0.0298560723417997,0.0050680112869708,0.7419243282671597,0.0036281010271766,0.000490895904613,0.0038764226706044,0.0014714570559968,0.0006875593603247,0.4386348596273802,0.0059814074461424,0.6366124621489283,0.005458621357443,0.4914967076573099,0.6937144016192032,0.3087063980359186,0.4803727996007425,0.461305558258737,0.4648203789400792,0.379382789108651,0.502981534560551,0.5515409974448574,0.5349948657917679,0.183728813559322,0.0140723433782903,3.380021923356763e-05,0.0036509208467226,1.4934113247409532e-05,0.0,0.1143998248649304,0.1746987951807229,0.4166666666666667,0.0054244939746418,0.1100323624595469,0.0660377358490566,0.0031419225680847,0.4290404481758452,0.0069753746147805,0.0398556203205702,0.6852378303917227,0.2081266958899989,0.5290610906213554,0.9802240848817236,0.917662368248981,0.2159463557035902,0.0016821784226628,0.1369440774988991,1.3272976695887716e-05,8.047761152199061e-07,0.1470720965193884,0.6541688130637215,0.1423076923076923,1.3778682658134573e-05,7.032109777152858e-07,0.0011250338386436,0.5577627103011855,0.1417624521072797,1.4098052209165356e-05,5.456973582981108e-07,0.0001497521605041,0.588708087057819,0.0079759447963941,0.3481519754306579,0.4896401365072649,0.376766554044617,0.3369736911842927,0.3925339494653991,0.0811143545437989,0.6964472665773653,1.0,1.0,1.0,1.0,0.0061709284569577,0.0615423375167586,0.8323178237530515,0.1003072392689563,0.0999238835359468,0.1394551818392978,0.7737964750701516,0.4406456902481336,0.7162463566287084,0.6761775904048843,0.3030965804858123,0.9156061871314763,0.0502611974158079,0.0726931993262844,0.1265886295419754,0.0221902223203986,0.0203206102006161,0.0555369774873282,0.0267167605555582,0.0244632148020641,0.153521643073254,0.0252741662795666,0.1059673220033321,0.0268961685778433
3889059420143391744,0.4400392243520232,0.012142456893033,0.5878207598192058,0.016520284547871,0.0031831167820063,0.0082659988130998,0.0020241139109193,0.002171440547089,0.4398344901547681,0.015212350464294,0.6357360453006157,0.0191137340467617,0.2030451939196334,0.5062832370170247,0.3467956826026453,0.7759887578017035,0.3442103771114986,0.7395161650058572,0.1197525395278876,0.4980606843887039,0.607668414229388,0.2442802761101303,0.0583050847457627,0.0112512088357375,8.663683529455162e-06,0.0,0.0,1.0,0.1099065364640035,0.0481927710843373,0.0833333333333333,0.0243291228520598,0.0258899676375404,0.0345911949685534,0.0092751711475873,0.093152079407939,0.0055761941336746,0.0396705603117507,0.6855900308537485,0.2084269217801634,0.5294169832503168,0.9801301003576556,0.9178071901816668,0.2157197171655594,0.0014768146890282,0.0440334654337296,5.481456037319689e-06,5.736588910125267e-07,0.0837455666562237,0.7054789547189539,0.0538461538461538,4.130617608607575e-06,6.357162902256174e-07,0.0003730716172332,0.6177821077217928,0.0459770114942528,7.83171311481203e-06,9.182314536732776e-07,4.9425200853829e-05,0.6196760280433186,0.0084450404688999,0.4179701142996159,0.5278056567949577,0.412892117344337,0.6258358218236885,0.8120685904969285,0.4282431437369295,0.5349293120893401,0.0,0.0,0.0,1.0,0.0061709284569587,0.0615423375167636,0.8322312013588192,0.0496477080790011,0.0495298700456212,0.0909384443703094,0.8242881630269308,0.4692809418960101,0.7610107257441363,0.8285408333550034,0.3710144212990864,0.9563028414178204,0.0225176039815852,0.0465186832559371,0.1004797456043815,0.0098600987491959,0.0072002159898793,0.0449064486028909,0.0104640643090194,0.0076256211903471,0.1404043371372837,0.0095867525401416,0.0911661157578695,0.0122255313956093
2144442781092733952,0.7858340476712807,0.0051658058400523,0.7832990526978277,0.0062891730958846,0.0007639403690388,0.0033919810409327,0.0018814352245489,0.0007280499939833,0.4392147889474159,0.0087271016177336,0.6375035525323952,0.0083207285352499,0.5059544743181117,0.4965122765871381,0.3542441036899012,0.4818853770867036,0.6749461656920609,0.479216567140485,0.2884042163039922,0.4984118648371361,0.4134947242976648,0.5019971876633185,0.1715254237288135,0.0108210360431161,2.2188953964229407e-05,0.0,0.0,1.0,0.1136264645646815,0.1626506024096385,0.625,0.0081712432652841,0.0970873786407767,0.0566037735849056,0.0029455070389998,0.726001447196809,0.0053429077692797,0.0395561180797941,0.6851719127824694,0.2079659857216619,0.5284794365002041,0.9801499473293184,0.9179316638652856,0.2156511841855119,0.0016987259510791,0.1250550418317921,6.576582308044236e-06,3.7922461201178644e-07,0.1474791736709202,0.6949279255212196,0.1192307692307692,6.476668070466662e-06,4.882837883574426e-07,0.0007616336693617,0.5953759387524151,0.1149425287356321,7.294444205473363e-06,5.302581426819965e-07,7.974825423976224e-05,0.6234191002658666,0.0079407606872254,0.3590423874041857,0.4961511424805709,0.3818181975664889,0.2239615446008166,0.6151353878262216,0.8304517877515721,0.9065488083212844,1.0,0.0,0.0,1.0,0.0061709284569584,0.0615423375167622,0.8322532786586092,0.0814430318298213,0.0815005880041125,0.121354511540439,0.8198297564988932,0.467268676292852,0.7564163969918845,0.7008305252672709,0.3137873496626416,0.9224362064762668,0.0384669007463699,0.0620448315030787,0.1148733253711176,0.0015900160147363,0.0004700141127921,0.0356204536744783,0.0018506922179732,0.0005426993031557,0.1318089868867935,0.0017430458958926,0.085250065029482,0.003292420357091
1406113335695903872,0.696055988818422,0.0049468219891361,0.7510460780584316,0.0053082464326558,0.0017556939196984,0.003441533157193,0.0027794862973403,0.0012035585162135,0.4382063569504335,0.0067522382694354,0.6376046767661171,0.007613522238484,0.5362357305549686,0.4853030411038975,0.5169766450871925,0.5198333334505006,0.560444078656586,0.5030539046804807,0.4386449101043301,0.4069981888950001,0.4647016382459837,0.5696915415351611,0.1735593220338983,0.0107641783947092,2.223724462473482e-05,0.0,1.1536466162258712e-20,0.0,0.1122019416592683,0.1626506024096385,0.6666666666666666,0.0072328237870589,0.1003236245954692,0.0471698113207547,0.0019456028819459,0.049439123593996,0.0053154065054579,0.0396712371075562,0.6852010547174248,0.2078019622396321,0.5285893419210179,0.9802008390675064,0.9173942704617288,0.2155721867725418,0.0016000520967329,0.1373844121532364,6.865102975033007e-06,3.6587915151604993e-07,0.1590345013624083,0.6924392159610386,0.1269230769230769,6.216130510212118e-06,3.557886552188499e-07,0.0010032545996264,0.597421458661648,0.1302681992337164,8.29885921439828e-06,4.518825599514975e-07,0.0001064703302829,0.6166244111894099,0.0080706114434845,0.3782791657789334,0.5060247151499602,0.3924431275972526,0.1960422729048486,0.728894431354754,0.6512043257757203,0.8682593625962431,1.0,0.0,0.0,1.0,0.006170928456958,0.0615423375167602,0.832289594576466,0.0674780462339394,0.0676069660039576,0.1080012505815886,0.8168574854802017,0.4590421025346464,0.7561090442654159,0.7629680571642833,0.3421137944018688,0.9385565536535138,0.0323939560528599,0.0553985497787004,0.1131401307516584,0.0014400143949638,0.0004300129325102,0.0359203139442661,0.0016280525380373,0.0004870378644108,0.1320029582501093,0.001525165187089,0.0851835925580826,0.0034618831070185
1815157499757887488,0.854298660761401,0.0053029710801769,0.6017791128325296,0.0056143319828675,0.0002714253506399,0.0051372456511876,0.0010263289303477,0.000499889980431,0.4388086850539984,0.0073358596377001,0.6366859563670554,0.0081697500292393,0.6431195085438366,0.5670194723355694,0.2523667016206229,0.4722622002783713,0.5276958873924793,0.4402422203536769,0.2332705777432924,0.3278616525071682,0.4682804208426759,0.7184640410046447,0.3525423728813559,0.0108190877743811,4.466300229509128e-05,0.0,0.0,0.0,0.1140977089146974,0.3493975903614458,0.5416666666666666,0.0092246765477253,0.2006472491909385,0.1415094339622641,0.0036251722680211,0.7831172218535438,0.0053880888282024,0.0400472859237962,0.6856875443667518,0.2084839730201056,0.5290977534904898,0.980204801956826,0.9174709058908214,0.2154605015232528,0.001831844966959,0.2360193747247908,5.803571792756254e-06,2.604261440312253e-07,0.1820939194323904,0.7021723954297809,0.25,5.93260024232984e-06,3.268798759738301e-07,0.0010421850047615,0.5997472143607141,0.2490421455938697,6.3062520780148986e-06,1.956627240172764e-07,0.0001869249790319,0.6310854814535212,0.0079935050300922,0.3525078419615706,0.4918346319208689,0.3792155043815629,0.1695340053032316,0.4326251582602909,0.8768103647107383,0.7001934839238259,1.0,0.0,0.0,1.0,0.0061709284569607,0.0615423375167728,0.8320674820570056,0.0870129060388692,0.0873838835818544,0.1263650752721559,0.8020145900672327,0.4555304916313183,0.7439145357324998,0.7402146070728781,0.3324802502919987,0.932165108294726,0.0527032399546934,0.0751386994943348,0.1283373867165983,0.0002900029002792,6.0001805348539095e-05,0.0335794695132637,0.0003339595199038,6.957683893009846e-05,0.1296631800632131,0.0003147166263546,0.0848290726644037,0.0009925678651814
1704765570250298496,0.7146347190103967,0.0066920245514974,0.9247095148606046,0.0066283774114946,0.0006629143115006,0.0039533101814102,0.001593444888993,0.0016931134960275,0.4397421986098385,0.0099203113637142,0.6379842276521699,0.009209780581397,0.4978730259195764,0.3863247293308533,0.6001139226897267,0.5829896585334483,0.4988927925520098,0.5505620254165614,0.3382140676810844,0.4291946527363662,0.4289202808997449,0.5562656208644947,0.159322033898305,0.0117682103219943,2.322259140372748e-05,0.0017961240637734,1.364109796589817e-06,1.0,0.1131751984215564,0.1566265060240964,0.6666666666666666,0.009480565974799,0.0970873786407767,0.040880503144654,0.0044482198587705,0.0349928100640759,0.0058306680428137,0.0394133158721852,0.6851087768162507,0.2078964940658955,0.5286673998974708,0.980505452159161,0.9177185187147734,0.2158997617417708,0.0015769756980504,0.1114046675473359,5.603240396214625e-06,3.552079333614358e-07,0.1333857547535672,0.7042066814765877,0.1269230769230769,5.37971352017213e-06,4.620732056479221e-07,0.0006685360472869,0.6046207432418258,0.1111111111111111,6.336371873906058e-06,4.491371362053308e-07,8.179660070722337e-05,0.6308345482029001,0.0079268720942503,0.3641156650433782,0.4992470853354713,0.3841058261826668,0.3012334604847994,0.6791582434059078,0.2953065538093991,0.9413579774442048,1.0,0.0,0.0,1.0,0.0061709284569579,0.0615423375167599,0.832294704603159,0.0797934885812148,0.0795459472325891,0.1199480537275532,0.817701469071104,0.4652169950808995,0.7568263635062042,0.7513084277609521,0.3356245951261942,0.9360534613087604,0.0417768127734605,0.0644863125967424,0.1183328613101155,0.0072500723905659,0.0054601640655213,0.0414145277453725,0.0084185624520981,0.006331491913349,0.1378705882645085,0.0078921247298476,0.0902133434958467,0.0097804251985703
4710409831751731712,0.0511957044260441,0.0055674344992236,0.1567580564439935,0.0053291716886842,0.0003868701528306,0.0037390359817912,0.001421651715256,0.0033206876595295,0.4390846909668091,0.0084946602782957,0.6345012447319115,0.0081976791397496,0.4304597483002506,0.5662651046055142,0.2846892991249531,0.5330481079819308,0.4159217185285489,0.5512574558675911,0.5601771662532576,0.4809608700404732,0.386471845902129,0.4486481069688924,0.2223728813559322,0.0129819951173768,3.5540879911105155e-05,0.0040087970509148,1.00792406874277e-05,0.0,0.1145368936671021,0.2289156626506024,0.7916666666666666,0.0082223459123358,0.1423948220064725,0.0597484276729559,0.0055136466998222,0.5629488868821624,0.0063508915519693,0.0393622948031181,0.6852126825524557,0.2078883132883188,0.5284937511130013,0.9801567429255384,0.9178371156248136,0.2161199914419359,0.001788190198278,0.1677675033025099,6.546465218739095e-06,4.433719853776136e-07,0.1271966523078249,0.6951939569912634,0.173076923076923,6.838708279666699e-06,4.136102883977157e-07,0.0009494157700596,0.5926660735476029,0.160919540229885,6.949895484115313e-06,2.992923719915091e-07,0.0001346520771516,0.625967415391454,0.0079788919000145,0.3474153763589775,0.489202873407725,0.3764216070631629,0.8286628893640895,0.1931037522712629,0.929443525571986,0.165500885175806,1.0,0.0,0.0,1.0,0.0061709284569575,0.0615423375167577,0.8323378173526366,0.0971142089506267,0.0965202505554995,0.1368829315836841,0.7999779886354283,0.4537747096973207,0.7418650289189576,0.3400286772450588,0.0968275724003268,0.8442680321933825,0.0531288126290609,0.0748003392278904,0.1300302398403795,0.01376013825555,0.0116503497526809,0.0482822940058096,0.0165588257902515,0.013998858874962,0.1456415616886865,0.015832666417976,0.0970378519352359,0.0185440739380883
3772493492333504768,0.4273172444411553,0.0083607521194585,0.4588607252796565,0.0066383124975111,0.0009528834526109,0.0061743151923087,0.0012809106039194,0.0009950445081984,0.4391926870559408,0.0102662671309572,0.6363638880575379,0.0090794961831895,0.4133562921189943,0.2375565837684225,0.4006577927475058,0.6561271719887191,0.56669283243867,0.5748971523220752,0.3196966211853885,0.6626871527961018,0.2911850683122554,0.424918182709857,0.0854237288135593,0.0110746167825242,1.188400732060976e-05,0.0,0.0,1.0,0.1129749993712341,0.0783132530120482,0.2083333333333333,0.0107092929117599,0.0517799352750809,0.0314465408805031,0.0068988634877624,0.1152433228241131,0.0054544937010681,0.0398141218604928,0.6852649145042015,0.2083119081273264,0.5295088996348358,0.9800953856148636,0.9177320614634504,0.215815636385202,0.0014990943092379,0.0757375605460149,7.463562763966265e-06,5.047168457886773e-07,0.1285652929553987,0.6875930212903097,0.0846153846153846,7.093568289739373e-06,6.577621922202348e-07,0.0006192089352888,0.5908431401724691,0.0842911877394636,8.667993811613082e-06,4.530854826826584e-07,0.0001109095155443,0.6143321220556924,0.0080457549253416,0.3682606628158843,0.5002685393911098,0.3875517231000361,0.693493064955354,0.7157844570671326,0.4403697278350769,0.4057177726484174,1.0,0.0,0.0,1.0,0.0061709284569582,0.0615423375167613,0.8322695513649713,0.0739727634654064,0.0741987987208556,0.114056258476958,0.8014457519509223,0.4561124598026959,0.741694250257748,0.7199668597838524,0.3226188553433779,0.9273835607720706,0.0399978734158558,0.0625843507853902,0.1170538967885208,0.000780007789511,0.0001700051093332,0.0345951252367107,0.0008905586549468,0.0001948151328046,0.1306936523380708,0.0008473140178787,0.0849398601285586,0.0020819717246046
1245496161713883904,0.5877206468609849,0.0056220192955409,0.6018183738835827,0.0050664537970708,0.0009872555189979,0.0055943700753623,0.0014138023103017,0.0017155501766517,0.4398239482516488,0.0096065700523785,0.6362126833876779,0.0072184221755358,0.3822547602895219,0.5219540244600929,0.7458199464147627,0.5611397384940605,0.3799903561758063,0.5500890134399258,0.4104255202658944,0.4209000285283528,0.6218003214764756,0.4240962133413058,0.247457627118644,0.0115659698231532,3.391237954014584e-05,0.0,2.9889442551480663e-20,0.0,0.113324466697681,0.2469879518072289,0.375,0.0091215366398598,0.1521035598705501,0.0597484276729559,0.0110473051372802,0.0269553106874217,0.0056903143037577,0.0397560776269783,0.6855190473384232,0.2084434170410926,0.5292670956999483,0.9804053268250804,0.9178349629996972,0.2154950119528185,0.0014769872844238,0.1924262439453985,6.731796977902055e-06,3.40844687501976e-07,0.1662748940763543,0.6935758633096734,0.1884615384615384,6.518402987264453e-06,4.849440302308287e-07,0.0007718211502757,0.5950559131573713,0.1839080459770115,7.5874173487498e-06,3.17360790670038e-07,0.0001386262541728,0.6213451045411302,0.0079548245398509,0.3627692267618602,0.4981295431537676,0.3838080847517194,0.027248543799593,0.8927723766570955,0.5618330429876971,0.6618090411881001,1.0,0.0,0.0,1.0,0.0061709284569575,0.061542337516758,0.8323273988516121,0.0777996961538914,0.0780957785614792,0.1176946878240291,0.8032254926153493,0.455155667065109,0.7481672257228185,0.673186903541782,0.3009638938102613,0.914964367110179,0.0433353235979262,0.0637978941096219,0.1214605686373929,0.0005000049956643,0.0001100033039847,0.0341211525957974,0.0005705141555369,0.0001252383019743,0.1302208473375744,0.0005325973633412,0.0848955451519248,0.0015735832493583
3017430205815280384,0.2496119128909739,0.0027940951409318,0.4479203641729596,0.0027983585109942,0.0029049240472648,0.0020644334230628,0.0053983610660832,0.0002525463841408,0.4387510206309245,0.003695431332031,0.6371777612616608,0.0031280705676804,0.5090981184026067,0.4741821984192284,0.3497446828210188,0.5901164627287205,0.3877461093019012,0.5991782854054952,0.1667794822571766,0.5556266178246859,0.6464695822981572,0.5163176312848002,0.2352542372881356,0.0129424469887009,3.548403688842616e-05,0.0010043282008473,2.219970303115222e-06,0.0,0.1127475194041139,0.2289156626506024,0.5,0.003234751023205,0.1294498381877022,0.1037735849056603,0.0025143391517796,0.9836619036590772,0.0063168353501136,0.0398016538878998,0.6855523440408945,0.2082582694187733,0.5290818875427563,0.9802334976878744,0.917556389716298,0.2156311271532748,0.0014335207214307,0.1554381329810656,2.5563672587765084e-05,1.6845643513176989e-06,0.1384342931283696,0.6160524095302677,0.173076923076923,2.379655500846141e-05,8.997728654190925e-07,0.0015185293152422,0.5305350587415603,0.1762452107279693,2.9797843617837265e-05,1.043787383460612e-06,0.0001654471954098,0.5492721674121089,0.0080077147692425,0.3709959915052003,0.5023491372414901,0.3883549753459268,0.5986944095931573,0.4122133724393524,0.2495447226874443,0.3177723473444365,1.0,1.0,1.0,1.0,0.0061709284569578,0.0615423375167592,0.8323070579686596,0.0825315735841179,0.0827083287391099,0.1223443325587245,0.8025649685030539,0.4581641880499812,0.7402937349326076,0.7694141922263822,0.3459508045907402,0.939915070626427,0.0210810461389436,0.0451587714014366,0.0990972402583715,0.0294202949171987,0.0287108612223897,0.0624531091210884,0.0341056152493138,0.0332716420031288,0.1598135851344146,0.0319800511814668,0.1133457684954209,0.033432591959846
302802517288053632,0.0728514346833843,0.0096417846305486,0.6695413444306715,0.0086483152121878,0.00267297303174,0.0072571010195708,0.0020029345631353,0.0006466395426683,0.4391779815993034,0.0126711991560587,0.63745529689603,0.0121950659629706,0.6016178988530047,0.6723601538874275,0.456255137637675,0.6364159282040783,0.5793048959664586,0.6194482723220285,0.5921592581075333,0.5096730353215483,0.6314151045075632,0.6561031655475432,0.0888135593220339,0.0115498660463134,1.322960775677726e-05,0.0,0.0,0.0,0.1104298555195315,0.0783132530120482,0.1666666666666666,0.0137798878262875,0.0485436893203883,0.0314465408805031,0.0062390247433425,0.4073262982330463,0.0057652384084013,0.0397793301312262,0.685346615475368,0.2081291875248176,0.5295041037488282,0.9802422235911564,0.9174911012414746,0.2160938540810473,0.0017501410091699,0.074416556583003,5.066689159964237e-06,4.646861970663235e-07,0.0942842562405441,0.7100331698712912,0.0846153846153846,4.0056642091079e-06,4.912475004269885e-07,0.0004682261749364,0.6193121548629724,0.0766283524904214,6.975445479907058e-06,5.705519954713002e-07,7.087257856063249e-05,0.625774169009887,0.0083537820835046,0.4083500846905006,0.5222111120326459,0.4082656485858581,0.3787835950659883,0.3277334479028313,0.098615624820021,0.601955210430729,1.0,0.0,0.0,1.0,0.0061709284569584,0.0615423375167623,0.8322532786586092,0.0539455072568819,0.0537524230085901,0.0951158804664539,0.8253339782902921,0.4703265373417164,0.7613522830665553,0.8144563265566087,0.3645890213990646,0.9525909897464792,0.0255344319274181,0.0496418337132792,0.1030385092992056,0.0113001129578934,0.0086102583748233,0.0461832728379831,0.0121756067108335,0.0092676348320917,0.1418348757723782,0.0111845446301652,0.0925620383795088,0.0137749057534144
3221650540619783040,0.2228808947049475,0.0038381196359458,0.502207114301459,0.0021738883928013,0.0009771241578117,0.0037930475036675,0.0019154951664673,0.0002763286369518,0.4388193398923403,0.0065544878215907,0.6368638655075699,0.0032536162347729,0.5704983628685087,0.4689304228902752,0.4844749183916997,0.407283759047702,0.4372992003758524,0.4673405146830807,0.1728820576911776,0.6831450626059221,0.6433530413923397,0.4928789194490713,0.4366101694915254,0.0115451476810106,5.80268125544354e-05,0.0,0.0,0.0,0.1136970266762747,0.4337349397590361,0.5,0.0056971954999864,0.233009708737864,0.1855345911949685,0.007117899078929,0.982311331097678,0.0056436767198723,0.0400829730600078,0.6858065465748364,0.2081381726784165,0.5285576530969786,0.9806259270233614,0.9176225147571078,0.2161217697015885,0.0018238849013105,0.2835755173932188,1.2778645767246475e-05,4.372162326281723e-07,0.2513678278429782,0.6563743459937077,0.2769230769230769,1.2718894217575969e-05,5.346179009494618e-07,0.0013660247701025,0.5617506205475101,0.2835249042145594,1.4320006660995743e-05,3.827332502595062e-07,0.0002168947155011,0.5878850537743706,0.0080671552056839,0.3589768699540254,0.4946112474257856,0.3833570335512367,0.5605502193049839,0.3896571047887932,0.2205844509625908,0.3740571909779364,1.0,1.0,0.0,1.0,0.0061709284569578,0.061542337516759,0.8323087943854969,0.0955461836424,0.0955704107918871,0.1345975045331576,0.8240863313544717,0.4691626009989613,0.7605837383713555,0.7320306365488666,0.3284427277796476,0.9298171223754208,0.0327641620814337,0.056621404484996,0.1095570663707228,0.0332403322682274,0.0321909680514274,0.0656645151374602,0.0394767948873024,0.0382115980126553,0.1640082119708564,0.037281815433884,0.117821582051148,0.0382017610463745
4420716452299884288,0.641374308296513,0.0082119044592784,0.5080260654372333,0.00694292537779,0.0,0.0063206169172684,0.0007031033165775,0.0017647920854016,0.4377736385713592,0.0111323411454545,0.6364746638153647,0.009724421237451,0.4735614631027093,0.3549794644512059,0.4909244182496199,0.4723706673279388,0.3699906267501819,0.4815805055101942,0.530992759062087,0.4248701197775965,0.4726326355740242,0.3797180005524734,0.1125423728813559,0.009631420996367,1.2216267166803852e-05,0.0,0.0,0.0,0.1138848343673914,0.108433734939759,0.2916666666666667,0.0110176607060592,0.0614886731391585,0.0345911949685534,0.0100884666065256,0.1295619923272741,0.0046183844695922,0.0398059390361571,0.6853244758715694,0.208383473229965,0.529441217428272,0.9801280825984724,0.9177104373393976,0.2157269573545943,0.0014675598513012,0.0823425803610744,5.644311736853687e-06,4.049498626329496e-07,0.1192347698932495,0.7037837845860583,0.0961538461538461,5.670129994433558e-06,5.128047517881948e-07,0.0006349026929431,0.6020015322576859,0.0842911877394636,6.186360903547396e-06,5.3676679087957e-07,6.681590435592003e-05,0.6320962516984582,0.0079582563000467,0.3554574196722755,0.4939070498553449,0.3802606309389942,0.0118986476063864,0.7524682835622227,0.6334876840394988,0.607804412042394,1.0,0.0,0.0,1.0,0.0061709284569576,0.0615423375167585,0.832320105900895,0.0864221017385222,0.0853846139730575,0.1268103554662974,0.8191142032916795,0.4650690219242557,0.7603446319577594,0.6302059168416744,0.2767661108324071,0.9053638296147742,0.042931895990995,0.0646194473968106,0.119911557333731,0.0072500723905659,0.0036401095011942,0.0425365849478945,0.0085716272239544,0.0042859330512993,0.1392283864528453,0.0081342140305234,0.0885072164891783,0.0113782174205079
6830573291565067648,0.9002057698631553,0.008560990662122,0.3898260392010147,0.0063753193451082,0.0003352814151272,0.0063882403681082,0.0008892203759177,0.0006103578292346,0.4391840031488793,0.0111449793936804,0.636710739192699,0.0075443810046808,0.7031215019203626,0.6945966581809709,0.3479188589030711,0.353605951425529,0.6267233396995179,0.3835273437148627,0.1368317645643106,0.2658264743564325,0.3654838698301453,0.6593847130404948,0.2332203389830508,0.0115690243351714,3.215356627238222e-05,0.0,0.0,0.0,0.1135186767140573,0.2349397590361445,0.3333333333333333,0.0117121201829143,0.1391585760517799,0.1037735849056603,0.0079492941719144,0.9528343982995386,0.0056959711473481,0.0398275562845014,0.6857974370927548,0.2080749840502095,0.5287229586522324,0.9802840595724892,0.9175968728814202,0.2157062706244779,0.0017132009038944,0.1695288419198591,5.446514498046435e-06,2.7953546038536645e-07,0.1606278795548524,0.7058491878190495,0.1692307692307692,5.375944341905681e-06,3.2108218111682346e-07,0.0009614654524935,0.6046556742259381,0.1685823754789272,6.171525261191406e-06,3.7265245884556347e-07,9.603005367899738e-05,0.6322226905743707,0.0080577607009539,0.3612141069509242,0.4960066996617553,0.384334275062412,0.0871821451319966,0.2500358383220971,0.888635926794831,0.4709204354821563,1.0,0.0,0.0,1.0,0.0061709284569577,0.0615423375167587,0.8323155912171176,0.0796475721052919,0.0796183891704558,0.1197906549023037,0.8327279114493173,0.4738479786295767,0.7687133564336235,0.647543801922132,0.2891065237758186,0.9089366204010492,0.0364338499216971,0.0601205713300995,0.1132272092171435,0.0019500195669106,0.0006300189270549,0.0363459220226302,0.0022681416664504,0.0007235990924737,0.132572748480639,0.0021545983834323,0.0854051674799438,0.004139734557656
907249585730646016,0.3348593804952439,0.0044588081332388,0.7065145276912518,0.0038525013320182,0.0011010860029349,0.0037746528844883,0.0020298410392289,0.0012379784516128,0.4387419520328808,0.0064184097051398,0.6361182723473289,0.0043353464250543,0.5191956459017436,0.4398664075368079,0.6047394107938588,0.5817351628599347,0.2668887067636368,0.5634379210424432,0.7327885095366776,0.5289788216455685,0.3056121666462158,0.5710397438524394,0.1322033898305084,0.0114860522646638,1.869208076610972e-05,0.0,0.0,0.0,0.1139636217141452,0.1265060240963855,0.3333333333333333,0.0056562836624096,0.0744336569579288,0.0283018867924528,0.0048624519158739,0.0261042357148808,0.0056953090905469,0.0396880488472088,0.6854443532141128,0.2082747254474385,0.5292024670226739,0.9801359788916466,0.9176856857279152,0.2156620865004604,0.0014612054618225,0.1017173051519154,1.6317051096755658e-05,8.682068929788009e-07,0.1681501357291918,0.6421665868030606,0.1,1.6548988092804356e-05,7.968055522013658e-07,0.0011925030934473,0.5486340360133413,0.0957854406130268,1.7819136568723696e-05,5.053153736377581e-07,0.0002044031564367,0.5763662453202627,0.0080183380497345,0.3539213884052406,0.4923288438020207,0.3802381108598534,0.5098922911605686,0.6634020560824028,0.3193501679593005,0.5909128813062972,1.0,1.0,0.0,1.0,0.0061709284569584,0.0615423375167621,0.8322558584779105,0.0873801383053899,0.0871499338460607,0.1272436431373189,0.7228643793807507,0.4077491785645104,0.6744367759663099,0.7110958525961613,0.3170228337458589,0.9261534081222116,0.0515392478019834,0.072160897006624,0.1329671676387297,0.0065700659913472,0.0049201476427562,0.0407664425531618,0.0077784734532783,0.0058166234267634,0.1373492907619015,0.0073353184364389,0.0897923514177346,0.0092962456553903
1800491354668025344,0.9050924844878376,0.0055205822589926,0.6501897695198229,0.005907462979516,0.0005829711899661,0.0064231962876425,0.0010267201807378,0.0005087361608258,0.4391391884957896,0.0102236752823815,0.6367721661991542,0.0097588081531119,0.4110072220913989,0.5765686262981893,0.607705573272802,0.4574511496915049,0.5118048558991594,0.4741711764107952,0.5166855686353966,0.5565007870461532,0.3495220533561274,0.414985628051458,0.2122033898305085,0.0113145461070087,2.8363226473107577e-05,0.0,0.0,0.0,0.1128247679787447,0.216867469879518,0.375,0.0102726937629667,0.1326860841423948,0.0440251572327044,0.0050203909743715,0.3088807313330332,0.0055854755943263,0.0398318217034532,0.6853763671917512,0.2081635237664161,0.5291853922557439,0.9803956547222524,0.917858044667496,0.2158780553956235,0.0017484430698253,0.1492734478203434,5.078229881983005e-06,3.218252807805174e-07,0.1321629314349915,0.7099014848054153,0.15,4.780242462485224e-06,2.634256646076856e-07,0.0010420776745669,0.610506220106281,0.1417624521072797,5.924855928960351e-06,3.481417807802183e-07,9.868753127977264e-05,0.6343706236425095,0.0080111308637712,0.3698896513149372,0.5016475282520317,0.387883785997751,0.2200144969727567,0.3916748161109071,0.9425588792482612,0.711433768542121,1.0,0.0,0.0,1.0,0.0061709284569576,0.0615423375167582,0.8323234795107505,0.0764703609838367,0.0760436320924741,0.1169148089371579,0.8321040442380885,0.4731969625898097,0.7692428761547413,0.699213935820539,0.3108708556671968,0.9230512828011964,0.0354335952476656,0.0586333124584886,0.1124661865348632,0.0127401271665909,0.0103603115139605,0.0472569653878699,0.0146942180982076,0.0119533005313002,0.1438715730548833,0.0138233229677308,0.0950658346302544,0.0162926391975794
1813144053445574784,0.866627006086006,0.0049666438645077,0.603010175735178,0.0040728740328489,0.0016874520745272,0.0040844110095751,0.00239079361108,0.0056993199091594,0.4380568570987218,0.0073671275108111,0.6327509432399843,0.0070186997953672,0.4597120048411608,0.5392699746233653,0.262778224304502,0.529655459486129,0.5655411387583803,0.5092716832819255,0.2073156778015709,0.4188295280897185,0.4333610293418681,0.5334783692824026,0.295593220338983,0.015550099374337,5.57733300992514e-05,0.005171012011631,2.9133005068915943e-05,0.0,0.1133375296552712,0.2951807228915662,0.5,0.0069604757725265,0.1650485436893204,0.0817610062893081,0.0014999605333799,0.0540747178629908,0.0073277972370056,0.0397947212660256,0.6853868411845665,0.2081649679287375,0.5289129169222513,0.980083521866274,0.9176716895260808,0.2154769217622496,0.0017354665490733,0.202113606340819,1.12441423108453e-05,4.039979462750956e-07,0.2378410219087502,0.6638064402518614,0.2038461538461538,1.084394507633209e-05,3.1957553739169177e-07,0.0019483720263849,0.5696970254745911,0.1954022988505747,1.2848655636631349e-05,3.472976990737236e-07,0.0002144747579264,0.5935972112519303,0.0080318389174492,0.3647588097855432,0.4983719378769556,0.3857213170521822,0.1769959693630242,0.4142071986175296,0.890687047226277,0.6940553476479266,1.0,0.0,0.0,1.0,0.0061709284569575,0.0615423375167612,0.8323334515045883,0.0929485848351067,0.0930944693956373,0.1321339410793698,0.8059959319615819,0.4596832411545484,0.7442048676005073,0.5560652402206173,0.249004738128943,0.8835847789729969,0.0317840598960335,0.0555581244030985,0.1086996748811331,0.0376503780641266,0.0368011056040063,0.0698819036224424,0.0444305284462407,0.043402028649777,0.1682634576527609,0.0423172801027761,0.1226297570352623,0.0431888073650085
1673109634053612416,0.591702345260203,0.0058823769542869,0.871048816156355,0.0055896993544109,0.001400572499488,0.0039915857739109,0.0021946267165487,0.0019116071799029,0.4397343754635432,0.0084009846938612,0.6359051163308707,0.0081763795787451,0.4834785585397507,0.3390148042230235,0.4147239860789244,0.5592297907618099,0.4969287127608564,0.5189225762668301,0.495502042198866,0.4930775646188416,0.3675881335890963,0.452177314978376,0.2013559322033898,0.0103288710673656,2.4105012913888123e-05,0.0,0.0,0.0,0.1114777039837202,0.1927710843373494,0.75,0.008062928960221,0.1197411003236245,0.050314465408805,0.0030501834923752,0.6712238703604855,0.0051218999678908,0.0393042128153721,0.6851490806617312,0.2079660398047615,0.528525449354021,0.9805430404359118,0.9178702504833922,0.2160243642191567,0.001688962950464,0.1453104359313078,5.584727448892412e-06,3.300366458184124e-07,0.1420592780192673,0.7043982978336182,0.1615384615384615,4.773269886478073e-06,3.668812246608316e-07,0.000747117373758,0.6105788835569407,0.160919540229885,7.097742731261527e-06,3.320596792421753e-07,0.0001239410441161,0.6248587719192451,0.0081335472818943,0.3904804238531638,0.5129531039208615,0.3984858711405402,0.3086360741895092,0.7693663865260297,0.4250270994763825,0.8792526401451325,1.0,0.0,0.0,1.0,0.0061709284569585,0.0615423375167627,0.8322446461863318,0.0611559124887586,0.0614583142651084,0.1015853845032095,0.815463123453478,0.4646547347139191,0.7532909927566739,0.839230509598423,0.3767380401200503,0.9585545554895624,0.0337226342472124,0.0570550026015692,0.1107150169704944,0.0003100031131445,8.000240131044451e-05,0.0335117591617292,0.000347874475601,8.349220671611816e-05,0.1295419480175938,0.0003147166263546,0.0848512301623936,0.0008231051152539
6578449850774068224,0.8992599787403093,0.0020782927230735,0.2681979635470892,0.0011272198658708,0.006169843906879,0.001461794207673,0.0116744060230658,0.0036111109878614,0.4413182573432537,0.0026752651285943,0.6362196267435035,0.0015658632606453,0.6320204116195598,0.6591435563739726,0.6472170336121427,0.3619972232557572,0.552346452500899,0.4433085667342611,0.3144270410202557,0.5267196838655877,0.3688806376026718,0.5350897926861145,0.2271186440677966,0.0105487229739315,2.7130845724406887e-05,0.0,0.0,0.0,0.1128797984551692,0.216867469879518,0.4583333333333333,0.0018014570773242,0.1262135922330097,0.0534591194968553,0.0053116212400179,0.0877260055812315,0.0052395635811145,0.0391029290304401,0.6852597173188484,0.2087163749152643,0.5293206733452367,0.9798866845652217,0.9187162716852696,0.2154238120646864,0.0027799859755802,0.1624834874504623,5.8880476210710593e-05,1.833207084584057e-06,0.2939100950526183,0.5674836510342172,0.173076923076923,5.528109427604612e-05,1.1116563907050182e-06,0.0028553305120864,0.4885321261803885,0.1762452107279693,6.786580227318621e-05,1.0810841406073652e-06,0.0003638276010911,0.5058934937892515,0.007987070357337,0.3687484148803551,0.5012544781156705,0.3870519505744894,0.9992720707029524,0.2353295685312083,0.8665130551947603,0.3568804783888744,1.0,1.0,0.0,1.0,0.0061709284569596,0.0615423375167675,0.8321598594327562,0.0738928134228636,0.0740700784125474,0.1146291507933867,0.8149676866259379,0.4625832986622366,0.7512414859431318,0.7633722045259662,0.3431710221850243,0.9399632070483256,0.0127325307124289,0.0370208495011245,0.0922086639802404,0.0010300103339097,0.000210006301257,0.0366554553670826,0.0011688582224683,0.0002365612442625,0.1328273359796705,0.0010894036567499,0.0849841751180897,0.0043576153971797
5260430146906778624,0.2677053073631247,0.0031633635455733,0.0731444404740564,0.0028408672768599,0.0022801578397869,0.0017195412630411,0.0051049573192822,0.0003419409171414,0.4386678579185321,0.0048388765393332,0.6371512918355346,0.0042095637942313,0.4808482123105567,0.4180115932324436,0.5062819132197223,0.5487774940731399,0.6290392641852844,0.5467840120631793,0.347181737570966,0.6320492020985368,0.3166361289519356,0.4741404878321783,0.2094915254237288,0.0115242619232383,2.848000676606097e-05,0.0008962203340855,1.096783668188299e-06,0.0,0.1129597777045506,0.1987951807228915,0.75,0.0040846023561687,0.1229773462783171,0.050314465408805,0.005268399197421,0.8031730378939845,0.0056836511338294,0.0393433203924781,0.6851910911201491,0.2078324135641869,0.5284754062577688,0.9802575045671974,0.9176688259556196,0.2154306991084399,0.0015931482432551,0.1558784676354029,1.4744445583956015e-05,3.191905235277008e-05,0.0037863784532355,0.6480582268063376,0.1653846153846153,1.4019162109118734e-05,1.830147867039894e-05,4.380930657293856e-05,0.5569005978549553,0.1647509578544061,1.7664360858561266e-05,1.6283999559725063e-05,6.2441657745995655e-06,0.5768259346644354,0.008247364227892,0.3717096246724997,0.4999633974649095,0.3916267747284002,0.8001940467315012,0.3451181311279129,0.7276302632369996,0.0578044459661116,1.0,1.0,1.0,1.0,0.0061709383100201,0.0615423375167583,0.8323227849440156,0.089750583133392,0.0901401938197155,0.1289752248199014,0.8082526497730599,0.4613700222554893,0.7455199528752859,0.5384242310688285,0.2419140100314182,0.8792952928290801,0.0260671385244741,0.0500579816247548,0.1034626391121675,0.0518205169348028,0.0509715312511772,0.0837528591886215,0.0607110561592941,0.0597386724879158,0.1826052051945945,0.0581015295624715,0.1370986010269069,0.0591183108183979
6809873615078147456,0.9062467277367998,0.0055621678505179,0.3427003869630246,0.0046765669032834,0.0008548908356551,0.0046725182046935,0.0015394866565834,0.0004087208938184,0.4391774879210522,0.0084671765477395,0.6369946296186545,0.0059891722801172,0.8014566456924934,0.660958491672992,0.3774347034614163,0.284484792537201,0.6212103867968314,0.3440423101576447,0.1252697033080255,0.2092190476778528,0.3868178492147555,0.7078476125182318,0.2135593220338983,0.0118434087594876,3.034261962088997e-05,0.0015947007418131,3.167714669849117e-06,0.0,0.1143176020341324,0.2108433734939759,0.4166666666666667,0.0091081493731077,0.1197411003236245,0.0817610062893081,0.0007971955511959,0.0336654700718839,0.0058303963116744,0.0394300615826895,0.6858552642087758,0.2078423100023308,0.5285028014869593,0.9802896408114478,0.9175602537707253,0.2159316169809584,0.001790707672588,0.1541171290180537,1.433847787492304e-05,6.834688113454939e-07,0.1856725979060381,0.649681080189104,0.1615384615384615,1.4726250225030023e-05,6.477034007005614e-07,0.0013054586130053,0.5544487316731479,0.1685823754789272,1.5157675065963886e-05,5.392659543354699e-07,0.0001629271849808,0.5848897811577324,0.0079030730086356,0.3488245483446703,0.4908803774275324,0.3762021445611518,0.0557461503205712,0.2275249174445848,0.8859872552011574,0.4227989687698679,1.0,1.0,0.0,1.0,0.0061709284569588,0.0615423375167639,0.8322234122890056,0.0895898799786825,0.0898871649362964,0.1289180596488426,0.7843645109203274,0.4467515349259973,0.7257764900161169,0.7046295068537392,0.3165580165137375,0.922676890179734,0.042580637358482,0.0651836141068199,0.1193828389796393,0.000620006226289,0.0001500045075504,0.0341598441737679,0.0007374938830904,0.0001669844134322,0.1302935865423647,0.0007020601556437,0.0849398601285586,0.001670419203087
6359523376149191936,0.7758007950113646,0.0031204577376313,0.0419670956777398,0.0028400321049853,0.0043286415616349,0.0020460477268131,0.0072810334080663,0.0039509639422992,0.4387815805946365,0.0055192698573761,0.6340079905135307,0.0041605373027802,0.4746899942138892,0.4596319544773932,0.4453634142939245,0.4748281464258672,0.4923018111879737,0.484602920030414,0.3901970742033417,0.3661140540455188,0.6134577490557113,0.4395320932636309,0.1735593220338983,0.012523661222052,2.6617069023459443e-05,0.0005901392827051,4.820175673933392e-07,0.0,0.1109787469750878,0.1746987951807229,0.625,0.0046950392736923,0.1262135922330097,0.0566037735849056,0.0025960139557723,0.1099803114335491,0.0062065343842213,0.0395757249545848,0.685189407472986,0.2080237754016056,0.5286772294825008,0.9804669061404164,0.9177501934610712,0.2159787457210049,0.0013972231017891,0.1527961250550418,1.7162268855592695e-05,5.76144321969216e-07,0.2611479295307366,0.6392301582548182,0.1615384615384615,1.4040424902143268e-05,5.981255237772457e-07,0.0013478369440336,0.5568250453755343,0.1647509578544061,2.251341297733871e-05,6.121761047952212e-07,0.0002131590713331,0.5640444967618152,0.0082058805623467,0.3989848672585639,0.5176450622662446,0.40284123279244,0.8649744135904407,0.3530709082892352,0.7565958543455146,0.1718882971697315,1.0,1.0,0.0,1.0,0.0061709284569584,0.0615423375167622,0.8322532786586092,0.0650734645733592,0.0641736017780486,0.1057137193662551,0.8193160349641385,0.4621591340320352,0.756023614215054,0.7955826842117695,0.3549281374158253,0.9469536821954274,0.0169982819967776,0.0411485109474837,0.0966431901263356,0.0386903882017861,0.0345910390546133,0.0717874690624802,0.0428581361197724,0.0382533427471455,0.1677542817514489,0.0397269232327635,0.117267641934871,0.0414941794148058
6770961795500483200,0.8022489532413852,0.0065007127896477,0.3701627290008919,0.0063346029865734,0.0030821203857232,0.00539984472107,0.0028352479893602,0.0018048783839787,0.4386685342831455,0.0090724007957537,0.6356873878720377,0.0065793233854735,0.557473580659098,0.4924772341131468,0.4265569383501753,0.3968282300680816,0.2235811410275154,0.459489241161077,0.3863693448927888,0.4138813976905444,0.5215460190781921,0.5309332926642182,0.1152542372881356,0.0127922497999243,1.976063418239474e-05,0.0024509912190334,3.978722911891697e-06,0.0,0.1105758617463596,0.108433734939759,0.3333333333333333,0.0081600826473866,0.058252427184466,0.0314465408805031,0.0072292366949667,0.0083844684159722,0.0064930092406244,0.0399033388236368,0.685367403447289,0.2087579766536807,0.5295235917686968,0.980120514635724,0.9176334304221628,0.2155600668015624,0.001834024555363,0.0827829150154117,9.324166767336422e-06,1.2522994337240268e-06,0.0672848001023795,0.6746787748687829,0.0846153846153846,7.369103029781143e-06,7.829582912139447e-07,0.0005403793794383,0.5889445667715884,0.0881226053639846,1.265091458228363e-05,1.1904006779479094e-06,6.157858115028874e-05,0.5944143647341188,0.0082843841574223,0.4067199031574539,0.5219048311308133,0.4068106132802206,0.0394733606092922,0.4142785623790656,0.7978348530183393,0.4943461188309242,1.0,0.0,0.0,1.0,0.0061709284569585,0.0615423375167738,0.8322446461863318,0.0559572604000763,0.0557361556439523,0.0975738611939617,0.794272022658208,0.4482804654504295,0.7427361059624944,0.8236506609681381,0.3691551571239443,0.9549336282813886,0.0266396668686035,0.048359498285264,0.1064710722556284,0.015810157722622,0.0132803987455944,0.0522191690910213,0.0171432544479089,0.0143745739266817,0.1478479839705459,0.0157600400787005,0.0968605914612169,0.0201176567770324
6405864801961715968,0.929587177571774,0.0044359555939653,0.1511862518822833,0.0051209707531035,0.0001548342386233,0.0042768030973359,0.0010984543580756,0.0029941210424328,0.4394111447045676,0.0068474929509511,0.6348157880398132,0.0070974038200832,0.3674733263494639,0.5677341397580787,0.4015473064692433,0.5478003946787718,0.453703671248444,0.5577342700224058,0.4569835428578465,0.4418291096031272,0.4779823344429054,0.3849926780680787,0.2976271186440678,0.0121169354032932,4.232533195929188e-05,0.0022177907251707,2.9339355441805368e-06,0.0,0.1142778006045935,0.2891566265060241,0.8333333333333334,0.0072062001995431,0.1650485436893204,0.0691823899371069,0.0025400244202668,0.7109923491819806,0.0058993054863534,0.0395345327255797,0.6854859236095167,0.2079744199466618,0.5287828325179789,0.9803548562958624,0.9178653821662228,0.2155289447090827,0.0014887078382829,0.2038749449581682,5.591301766122296e-06,2.933293132451503e-07,0.1580115022703109,0.7043301778092572,0.2192307692307692,5.74239352884699e-06,3.8427172125381314e-07,0.0008581026822964,0.6013706734318381,0.2030651340996168,5.982846369427999e-06,2.245695267541937e-07,0.0001545119055611,0.633857738301111,0.0079323080807288,0.3502419721488202,0.4913093570679288,0.3772971834093711,0.9089494981103728,0.2412558630497968,0.8549722390822837,0.2358508520005304,1.0,0.0,0.0,1.0,0.0061709284569577,0.0615423375167588,0.8323144501431959,0.0933276719389304,0.0918145552630548,0.1339299126376088,0.8004733379763312,0.4533801302913814,0.7449392891392709,0.5699678757378961,0.252732380675749,0.8889439683403575,0.056422227217264,0.0773855121009053,0.1333891069313676,0.0118701186287361,0.0077902340160574,0.0477309388395572,0.0141932786563602,0.0092954650006771,0.1449505382834762,0.0135086055240706,0.0928944006333269,0.0176725505799934
352632796577124992,0.0888570865927089,0.0067757286254671,0.7502956238428378,0.005452362011117,0.0008817834702038,0.0043451338619338,0.0016514655919844,0.0004296171779747,0.4386586427415762,0.0089405719058905,0.6372703036288248,0.007879441197658,0.4908622009648111,0.6187900116749229,0.3058132703410858,0.5766605730468259,0.5226907264937358,0.5778313155326511,0.5464566372072448,0.5424447846450249,0.5944260790981757,0.5451589650018075,0.0705084745762711,0.0120441517033533,1.160777046390683e-05,0.0024293049070519,4.581753072361171e-06,0.0,0.1135598545512746,0.0602409638554216,0.1666666666666666,0.0083698655049931,0.0485436893203883,0.0345911949685534,0.0033042009686669,0.0615698360897462,0.0061431093426628,0.0396884499781378,0.68518081320589,0.2078490395782177,0.5293315383869667,0.9802290324476476,0.9175789755053524,0.2160731140011024,0.0017692044250469,0.0722148833113166,1.2323767688831172e-05,7.841100295836854e-07,0.1399868393626183,0.6584803346356533,0.0769230769230769,1.2079740573240669e-05,5.44520202392868e-07,0.0012737853367145,0.564319623713634,0.0804597701149425,1.3645445089405486e-05,4.938446691741457e-07,0.000160168521124,0.5904273039081072,0.0079324990060464,0.3593524768230777,0.4964273958430081,0.3818670271611643,0.3801436199497872,0.4123181350988711,0.1283337603672907,0.6669862457558778,1.0,1.0,0.0,0.0,0.0061709284569582,0.0615423375167613,0.8322695513649713,0.0874079398109361,0.0870088095342695,0.1273734080756225,0.8085277952476517,0.4559546562615198,0.7541107629062851,0.7435488152789467,0.3327992430959675,0.93385523243804,0.033989643784269,0.0567407015093024,0.1121771329389877,0.0110601109623099,0.0092602784741134,0.0451095788467203,0.0130105061261614,0.0108818167500875,0.1418712450925081,0.0122013214967124,0.0941130627809472,0.0141138317041967
3004530769758177280,0.262481140196337,0.0021848983603202,0.4441733823132611,0.0021143878327628,0.0057990000676868,0.0014119778354235,0.0112910217162389,0.0008847709603629,0.438503565173398,0.0029941313923937,0.6375950004922385,0.0031709735032796,0.4313986766953613,0.4978104403096361,0.4386736389809607,0.624713537259359,0.3546947805741742,0.6075465526521812,0.3636690919880729,0.5342018481780301,0.5871965108948811,0.3649501086398249,0.1186440677966101,0.01058349301464,2.561133491986623e-05,0.0022951563749143,1.976983820817776e-05,0.0,0.1128504990531166,0.1144578313253012,0.3333333333333333,0.0030834480045435,0.0647249190938511,0.040880503144654,0.0155137576108992,0.5383599806813816,0.0051775939131156,0.0396326773180576,0.6853838830976621,0.2080985051195733,0.5291115700213813,0.9802749929953642,0.9176565389633335,0.215715517333408,0.0014555384295528,0.0814619110523998,7.805154186352596e-05,1.5005329459900048e-05,0.0480188586075258,0.551069130603603,0.1038461538461538,7.346261933068883e-05,1.0075142994392124e-05,0.0004185186238176,0.4743622717969587,0.0996168582375478,9.08065925724052e-05,7.694000297981396e-06,6.83642397588826e-05,0.4905458235713779,0.0080519291563815,0.3695227933618396,0.5009451944598983,0.3882186639053585,0.6061095906110485,0.4334564609674959,0.2647267946691691,0.3144837821518925,1.0,1.0,0.0,1.0,0.0061709284569602,0.0615423375167703,0.8321113389851278,0.0823438210049384,0.0825849920240659,0.1218979333867665,0.7947857441929627,0.4544553109613499,0.7324544487383472,0.7845090651706396,0.3528865927054925,0.9434825120358388,0.0130236957931409,0.0373494394293189,0.0916907996191368,0.0234602341842259,0.0228906876985192,0.056020622572304,0.0272316152122895,0.0265644355564479,0.1531215778420785,0.0254920471011021,0.1075405042735595,0.0261698997140006
6877999557398569600,0.8394424413413163,0.0075168058586162,0.4205427715232389,0.0046765807404506,0.0018780840735216,0.0056290432066692,0.0019739554317253,0.0016607363035957,0.4398001492031556,0.0102676251763333,0.6362475710655604,0.0061796427483955,0.6316536799012039,0.5462920129355546,0.3868948628039448,0.4058422184146565,0.4442245592059011,0.4453302650515665,0.6237576262951848,0.3189811374235936,0.3288903217595442,0.6855906376168813,0.1877966101694915,0.0100325441513501,2.182424482081738e-05,0.0,0.0,0.0,0.1114355630301383,0.180722891566265,0.4166666666666667,0.0100939471211996,0.1294498381877022,0.0314465408805031,0.0113020658127131,0.4213723122113409,0.0049694444062098,0.039417636459682,0.685733595996519,0.2080659578788684,0.5288614713517903,0.9801579945982488,0.917581619588303,0.2155413148012747,0.0018405944550932,0.1303390576838397,6.705034054745397e-06,3.85960934340773e-07,0.1479610037196112,0.6938067855860945,0.1576923076923077,5.759695200376765e-06,3.604803840852913e-07,0.0009174977175232,0.6012207941215618,0.1494252873563218,8.769824734339443e-06,3.949005057390415e-07,0.0001287520092893,0.6137169189128414,0.0083428738836925,0.3931519252238107,0.5122450752505668,0.4021355314662888,0.0787351039904806,0.3694095876664753,0.836840303950722,0.5319019674738547,1.0,0.0,0.0,1.0,0.0061709284569578,0.0615423375167598,0.8323033866873462,0.0744564280802349,0.0732994573178144,0.1152578338842084,0.8490936867593358,0.4827256154628821,0.7840162483432892,0.664154222956011,0.2908290756821827,0.9145204421533392,0.0224522963163847,0.0459916238938264,0.1005847039278811,0.058120582357516,0.0541216240703184,0.0919071213174394,0.0657065332893907,0.0610745454626285,0.1891032433817373,0.0621202182666709,0.137630379972671,0.0654126457815924
2916199883936404864,0.250186470189788,0.0020104868883481,0.3683820643816791,0.0030825519331226,0.0009538787919764,0.0024700780350141,0.0025641669484497,0.0008551884607096,0.4386291784685904,0.0032063456800829,0.637656264536576,0.0044538907922013,0.5255021640646796,0.5293584470526931,0.5736025397099989,0.5101474268916154,0.5354254439994829,0.5322638414602004,0.3774207274418896,0.5657132927556026,0.4513850743640663,0.4747773071511106,0.327457627118644,0.0097904580554997,3.767125622052974e-05,0.0,0.0,0.0,0.1138705130853554,0.3253012048192771,0.8333333333333334,0.0039679281460805,0.203883495145631,0.0754716981132075,0.0030097049952643,0.8498477303738169,0.0049944269756791,0.0397251261880695,0.6854884142101515,0.2078501596098948,0.5287121098993333,0.9801963730908128,0.9173323791532912,0.2158549300176651,0.0015356818327706,0.2241303390576838,1.3410538588511568e-05,4.910607295393421e-07,0.2369218045829825,0.6535696025113412,0.2230769230769231,1.3427254138528934e-05,6.276808203160067e-07,0.0012282767681118,0.5590500790264271,0.2183908045977011,1.4531626738795456e-05,3.723086930093662e-07,0.0002262632702535,0.587112114545751,0.0079141946531618,0.3545030918967242,0.4938976274205691,0.3792312034751947,0.6373768114927149,0.3813293881410982,0.250251289425587,0.2382222682830922,1.0,1.0,0.0,1.0,0.0061709284569584,0.0615423375167622,0.8322532786586092,0.0871481149198087,0.087109895768839,0.1266354786940667,0.7944187377491112,0.4531532788818159,0.7337524317151506,0.7421949225206467,0.3333187427910234,0.9326571696734642,0.0394929316743623,0.0627860585746756,0.1159556325849734,0.001910019048047,0.0008600258650205,0.0353689580573257,0.0022403117550559,0.0010019064157949,0.1315665227955549,0.0021061805232972,0.0856488999094678,0.0030261216534347
344897216879901312,0.0828108305255377,0.0059015345544098,0.7232722975210929,0.0065409186081295,0.0005476467663918,0.0043463048248369,0.0013906685713673,0.0004076017810136,0.4387140547591136,0.0088289112483247,0.6368161301777613,0.0111491080565819,0.5728714510282148,0.579641926742876,0.4020385933098554,0.5344648830003901,0.4119030741092453,0.5407225512370287,0.5244937533051266,0.5075060520041546,0.4995532371457506,0.6623570348627065,0.0847457627118644,0.0160254811592382,2.4517239567157056e-05,0.0058178299309376,3.493596656900787e-05,0.0,0.1143774296418753,0.0783132530120482,0.2083333333333333,0.0112575443836393,0.0711974110032362,0.0345911949685534,0.0100006656835125,0.8701163217801321,0.0088972886638712,0.0397476558693699,0.6854028190658035,0.2080967341423583,0.5294972855418221,0.980169732330622,0.9174203986323576,0.2154540055303436,0.001763405637177,0.0783795684720387,1.6113082783641307e-05,1.6521704157464484e-06,0.0888072799703108,0.6428979430375596,0.1076923076923077,1.6751488958289543e-05,6.381431161561891e-07,0.0015072428886173,0.5480280403441048,0.1111111111111111,1.7122778024417467e-05,5.666142789345596e-07,0.0001751621732227,0.5784667232994926,0.0079893957297949,0.3480344615822673,0.4894157583077141,0.3768731996117018,0.3797886834216938,0.3838597709563183,0.1177571832090849,0.6455084192094578,1.0,1.0,1.0,1.0,0.0061709284569585,0.0615423375167627,0.8322489624224705,0.0909103431414652,0.0910269010418896,0.1303353788442295,0.758916835269479,0.4330010846613055,0.702651414210166,0.7070341803435138,0.3175149922094476,0.9235272976433192,0.0432878079512559,0.0661801392581987,0.1196865289138855,0.0016100161810349,0.0007200216176149,0.0354173227099609,0.0019202671260527,0.0008627527865336,0.1316392621132514,0.0018156727988272,0.085515954966669,0.0031229576071634
6727198140355736448,0.768892883134552,0.0031876005227082,0.2895700304370662,0.002625016117489,0.0030877130420297,0.0019336898552678,0.0058590923427469,0.0005642058967154,0.4392695823176418,0.0045686069061319,0.6369127595471177,0.0030394988514717,0.5634686734048998,0.4440126606230194,0.4436395626806263,0.3797355622274387,0.3210531154410185,0.3833663369771398,0.2905971859856989,0.4822751629092436,0.6261041681642694,0.593430439607764,0.1206779661016949,0.0110026363615834,1.5553884491342335e-05,0.0,0.0,0.0,0.1131222307115988,0.1144578313253012,0.3333333333333333,0.0038557940471974,0.0614886731391585,0.0314465408805031,0.0128170226563164,0.9759840190224311,0.0054212653580648,0.0396832604593808,0.685374223692483,0.2083789753691152,0.5294235095896663,0.9801090262845028,0.9176286606518644,0.2156038876370348,0.0018749253070074,0.0871862615587846,3.658377251428048e-05,2.467874315775836e-06,0.1361346320660029,0.5951918675848062,0.0884615384615384,3.4909663347244444e-05,1.822186642106232e-06,0.001099952991226,0.5114385348570786,0.0919540229885057,4.146643527369141e-05,1.3929690133272467e-06,0.0001725137025491,0.5318575387119517,0.0079598287413804,0.3650192888741925,0.4993809667438789,0.3849498960720001,0.989663946516863,0.4338818116835009,0.7653983958598524,0.4192257888865137,1.0,1.0,0.0,1.0,0.0061709284569581,0.0615423375167605,0.8322837899830381,0.0839357854362352,0.0841498913335766,0.1235855951900525,0.7880522476595954,0.4500461248042921,0.7271257798868459,0.7860650346209075,0.3535883736147883,0.9441617705222952,0.0209188776669288,0.0449863361338019,0.0989470962901495,0.0198901990981965,0.0192505778247847,0.0529252920105319,0.0232101865361199,0.0224454876637632,0.1499937910199386,0.0217396561767189,0.1040174625671396,0.0228290625795822
1052596673505827840,0.4376743226894261,0.0049194739487334,0.854531870052196,0.0052088392354533,0.0005639915388957,0.0042863815189724,0.0014188024861516,0.0007739850386799,0.4388083860306429,0.0070649487356911,0.6364697824707507,0.0075184845647027,0.7187179355291986,0.4915800754313579,0.4391862948917985,0.4231792413380639,0.4837279011069105,0.4214414832378462,0.4433053139991345,0.6420834013900649,0.4799473555822083,0.7012589845791005,0.2983050847457627,0.0108955401359337,3.817213117565541e-05,0.0,0.0,1.0,0.1133856338120921,0.2951807228915662,0.7916666666666666,0.0081608068752894,0.1715210355987055,0.0723270440251572,0.003648476722982,0.5309928243728681,0.0054087737854793,0.0393646555141241,0.6856342074354939,0.2078582893445105,0.5286864974552694,0.9804589436857156,0.917458224723802,0.2156095437609253,0.0018135488867792,0.2087186261558784,5.478536879926821e-06,2.572093694676932e-07,0.1738020682044541,0.7055098160072256,0.2115384615384615,5.384708850663288e-06,3.397317382026158e-07,0.0009101637139931,0.6045745187816471,0.210727969348659,6.234841913376806e-06,2.515497010776183e-07,0.0001437411760106,0.6316851748843872,0.0080633220127691,0.3621840435878946,0.4965013257158643,0.3848733494568438,0.4023344856543751,0.7605236013858814,0.3571681671548842,0.773176376489829,1.0,0.0,0.0,1.0,0.0061709284569579,0.0615423375167597,0.8322981278249242,0.0790069902354088,0.0793014604876511,0.1187944727383876,0.8254806933811953,0.4698432022629905,0.7643069900800705,0.7216440692270483,0.3235484898076207,0.9276563311728728,0.0394286043897515,0.0627870653172774,0.1157102168304724,0.0005700057174092,0.000140004200838,0.03413082549029,0.0006540040193137,0.0001530690375464,0.1302329705195551,0.0006294332527092,0.0849177026466904,0.0015977921814246
3183786280737192704,0.2083326062926371,0.0014016251868011,0.4516519394620032,0.0009445235473696,0.0103582191688805,0.0011851948897989,0.0202139929302089,0.0064701100604542,0.435495586035319,0.0025757861161656,0.6337341673713286,0.0015474659618446,0.5258380873721471,0.5168953373180106,0.4267488754683835,0.5488552791930661,0.3818156186291072,0.5111871927897348,0.3817830493264853,0.6680342974411537,0.5474257266951202,0.4079919345691749,0.2488135593220339,0.0120316093941872,3.474864066658791e-05,0.0,0.0,1.0,0.1116114221741711,0.2409638554216867,0.5416666666666666,0.0017781062021835,0.1359223300970873,0.050314465408805,0.007603637310529,0.7528847245788948,0.0058926308023938,0.0397084524112772,0.685476267748048,0.2081966689251631,0.5290052567772162,0.9802168834456984,0.9175914085800744,0.2157232397607169,0.0016075154544697,0.1616028181417877,5.863162135409976e-05,2.1439134018623984e-05,0.0250138001040764,0.5677302854424783,0.173076923076923,5.036585023751797e-05,9.858166548580472e-06,0.0002931998942503,0.4931724754219435,0.1800766283524904,7.410367933325488e-05,1.144802340839224e-05,3.747514560935121e-05,0.5012590066575786,0.0081699552713041,0.3892398673385966,0.5117320184998635,0.3984117064568315,0.577651217207316,0.340361487441187,0.2016388620584581,0.3265180513826438,1.0,1.0,1.0,1.0,0.006170928456959,0.0615423375167647,0.8322100170734027,0.0638520849055837,0.0636208180022141,0.104629113629233,0.8348011697821882,0.4748344036267585,0.7721633785723062,0.7930163523795468,0.3541261017028878,0.9469536821954274,0.0083268156815497,0.0326785835966504,0.0878405067260525,0.0115101148902953,0.009310279332446,0.0459317772208305,0.0128296114429106,0.0103669487818898,0.1420167232762765,0.0118623955739118,0.093559125140963,0.0140412044570706
1938237827799536512,0.9750399135966746,0.0062190066480583,0.7503736159631533,0.0050722065993151,0.0025102989859087,0.0049881098665405,0.0026210211367147,0.0013026165597545,0.4397642775141306,0.0080606931029812,0.636738281565899,0.0070350513797607,0.5047020040921336,0.5127704090292052,0.2397211460065232,0.4764109163955948,0.5129869017596712,0.4551783698001033,0.5350825725914525,0.490476347797443,0.455277959956597,0.4616227996429768,0.2976271186440678,0.0120880861503086,4.14643958121528e-05,0.0046527858589293,1.0932749703171017e-05,0.0,0.1098883184352965,0.2891566265060241,0.625,0.0076937221115677,0.1779935275080906,0.0786163522012578,0.0084086072962438,0.5720003594235681,0.0058899134910009,0.0397981465295733,0.6851511041456546,0.2079829092560768,0.5286860600844989,0.9801295252571888,0.9178051764777956,0.2157295502978424,0.0014654950216758,0.2201673271686481,5.388724910216395e-06,5.361372862279101e-07,0.0877383109525365,0.7064667206619792,0.2,4.050897250705705e-06,4.816785158713388e-07,0.0004829225712859,0.6187529089318713,0.210727969348659,7.699945896540605e-06,6.996114248283644e-07,6.37923500248344e-05,0.6205697115371817,0.0084364419758786,0.4182559453606338,0.5281036542376468,0.4128917925355032,0.2975924364694495,0.4158394013831407,0.0402574110657165,0.7440631267804386,1.0,0.0,0.0,1.0,0.0061709284569584,0.0615423375167947,0.8322558584779105,0.054132087099468,0.0536507485429276,0.0955648824781154,0.7958315594563241,0.4497403010711395,0.7407207223053884,0.7661810193551711,0.3410018814395824,0.9401183134737736,0.0289295316699211,0.051401635573239,0.1084644281418019,0.0357303591191966,0.0329109899484475,0.0697755012425074,0.0382661940008292,0.0352337088042589,0.1645416346877543,0.0352966786590702,0.1145422702979593,0.0378628332918831
2770417668730232192,0.998068999194469,0.0058143968392287,0.5772236467190566,0.0034274472779092,0.0017755726442643,0.0047155184883683,0.002202476121503,0.001611490343392,0.439556951076405,0.0087662781080347,0.6360484456122866,0.003813484353663,0.6455066645745683,0.6637508343098536,0.5508595026081459,0.4645373439334544,0.5239366273303795,0.4085323086904864,0.7852544293638333,0.5254077225328097,0.3777816722009879,0.5300952073307756,0.2874576271186441,0.0126259842831901,4.2821365675356805e-05,0.0,0.0,0.0,0.1121475754010264,0.2831325301204819,0.2916666666666667,0.0077535303534208,0.174757281553398,0.0345911949685534,0.019859878657421,0.358716663875219,0.0061143000848824,0.039445329361903,0.685941592799918,0.2080598506748362,0.5285682041088448,0.9802854022089298,0.9175856300629958,0.2159314991922395,0.001629304609957,0.1928665785997358,1.0812723798845004e-05,3.4879326999601253e-07,0.2613890128008687,0.666078813716645,0.2153846153846154,9.718775697662892e-06,5.471111538526425e-07,0.0010199763722249,0.5751552762676979,0.2222222222222222,1.3161912180855264e-05,4.0833236981708374e-07,0.0001868565529114,0.5923281464303853,0.008098344569746,0.379881012754627,0.5066858387328544,0.3934962661059167,0.2874409508286319,0.239028435497193,0.0138640744190072,0.5724127461838892,1.0,0.0,0.0,1.0,0.0061709284569578,0.0615423375167592,0.8323070579686596,0.0748628195512663,0.0750174757383606,0.1148067033821351,0.8271136314680817,0.4718258826418863,0.7626161428869225,0.7374462015598141,0.3317146740813446,0.9310740171276736,0.0238360627523067,0.0479606110743963,0.1013735078313447,0.0263002645042202,0.0254607637062613,0.0589515137475294,0.0299450364977984,0.0289857089518294,0.1556674501226467,0.0279371530962726,0.1095125199276791,0.0288086773675698
6612104218072332160,0.9281588693680602,0.0046736921067348,0.31940302342316,0.0042286874535851,0.0004907056818327,0.0039395640653146,0.0014532141881529,0.0004846460819371,0.4391763263796459,0.0075450013614049,0.6372763835882718,0.005477563238028,0.6675948086866248,0.5151037951854017,0.3899319814081094,0.424259942152537,0.4171133296160104,0.4848764004661996,0.2849853108336379,0.31150145740295,0.4377611043881013,0.60393070685166,0.1966101694915254,0.0107397382681995,2.4909832306457385e-05,0.0,0.0,1.0,0.1138335382731933,0.1867469879518072,0.4583333333333333,0.0070279799134765,0.1003236245954692,0.050314465408805,0.0024287984427839,0.446052516846005,0.0053133932770806,0.0396784828373038,0.6855547815061237,0.2078398207200002,0.5290781574004935,0.9806080739359572,0.9175309642844416,0.2155675174052656,0.0017920845950399,0.1360634081902245,1.0495780351229754e-05,4.851965156219857e-07,0.1875269123714264,0.6678065852436187,0.1346153846153846,1.0568094357573402e-05,6.63220733473058e-07,0.0009149193020675,0.5709809361199518,0.1302681992337164,1.1522467037654736e-05,4.702607608682862e-07,0.0001420379865697,0.5993366380439947,0.0080027751885897,0.3553500466128323,0.4933161285886921,0.3807615944302647,0.0396924488264144,0.1875889779945702,0.9000261047436988,0.3874249379439793,1.0,0.0,0.0,1.0,0.0061709284569581,0.0615423375167608,0.8322776877181524,0.0839323819506869,0.0840428716375471,0.1239659989964434,0.7927675149550102,0.4467515349259973,0.7438291056821379,0.6720754967915906,0.3003259082023238,0.9152906249037168,0.0417563818806049,0.060935491960147,0.1218787819324379,0.0010000099913286,0.0002300069146817,0.0353109206903699,0.0011827733077589,0.0002643919798345,0.1315059068856514,0.0011136126995493,0.0850063326257527,0.0029777037893021
2896314189652820224,0.2568600535632999,0.0044779328872793,0.3288387874254061,0.0048645744701413,0.0021892292194844,0.0037227972796567,0.0030026728321612,0.000386147172772,0.4387993697177543,0.0071156122544473,0.637342519330555,0.0073337463360242,0.4928312099284778,0.5680016758913926,0.5562216164077911,0.5444235484942828,0.517260906991442,0.56161017452062,0.4927826861681345,0.5871140797406534,0.4259404134671495,0.427038848160092,0.279322033898305,0.0129652341164286,4.294040620020603e-05,0.0022869303859037,3.0724850148726005e-06,0.0,0.1111201442657492,0.2710843373493976,0.875,0.007149238814673,0.1553398058252427,0.0566037735849056,0.0020894719355005,0.7048028324681797,0.0062660607747729,0.0394948995622632,0.685216057885942,0.2080248874408549,0.5287779176373633,0.9801591373809504,0.917918681869798,0.2156628108914535,0.0014476250884893,0.190224570673712,5.895929010042277e-06,4.584767227623498e-07,0.1110735550475718,0.7012579698285357,0.2076923076923077,4.913630173838756e-06,4.713443708301828e-07,0.0005986077082775,0.6091352446396178,0.1992337164750957,7.64150080090257e-06,4.167982155603229e-07,0.0001062952438167,0.6209710195475845,0.008162901804699,0.3955501223903748,0.5158915575087952,0.4009342801294298,0.6595209683300997,0.3786832175299817,0.2600784162885226,0.1988460550596355,1.0,0.0,1.0,1.0,0.0061709284569581,0.0615423375167973,0.8322788784039837,0.0609779114692961,0.0610146345693937,0.101884346185045,0.8402686471858831,0.4783755997543488,0.7752888642470309,0.8500212221176773,0.3813406314426814,0.9620096795110288,0.0258697558952969,0.0498900628807925,0.1034492353816961,0.011360113829322,0.009960299431736,0.0460478512340542,0.0124956514694301,0.0109513937267144,0.1419682305483537,0.0114508433118358,0.0939579601757171,0.0138717414816794
5460701448263827968,0.429108118624291,0.00267185378798,0.3220160456438973,0.0035296891176401,0.0030141641411408,0.0031290243674908,0.0042209729282089,0.0014398850787986,0.4380713704651493,0.0039908970295043,0.6364124136439667,0.0046658244134173,0.4425065188187316,0.4253984109975112,0.6172684929829654,0.6763472074060696,0.5025653016266286,0.6583023802011785,0.3597497676055175,0.4093355778467548,0.3736954325106743,0.4956844886807001,0.3166101694915254,0.0123571343728605,4.522938449516336e-05,0.0,0.0,1.0,0.1115927834739484,0.3132530120481928,0.5,0.0043780378381197,0.2006472491909385,0.0817610062893081,0.0050480310376861,0.8619471888386085,0.0059840499083148,0.0396467130590499,0.6854412222751423,0.2080895051754591,0.5291277600228746,0.9800899400565788,0.9179224442157492,0.2158987103310545,0.0014970356226014,0.2457067371202113,1.1700517161726509e-05,4.936990727521557e-07,0.2056943253580087,0.6614953750226773,0.2423076923076923,1.0068371444678054e-05,5.341918940681385e-07,0.0010822229035292,0.5733945007840923,0.2298850574712643,1.4686138457885071e-05,4.199766966436181e-07,0.0002027095406239,0.5865548760578405,0.0081124133178925,0.3882793755540773,0.5117937302704829,0.397301185054203,0.7465123340260422,0.6137242021884647,0.4743811464126346,0.2823270873125677,1.0,0.0,1.0,1.0,0.0061709284569583,0.0615423375167614,0.832267517276676,0.0641847851782829,0.0642778593454674,0.1046683873180307,0.8251504313250476,0.4702180268291998,0.7614377131169171,0.8218926223537183,0.3694923762838095,0.9536072027877324,0.0217239650139674,0.04575888671835,0.0996307745876129,0.0079400798042659,0.0068102043773535,0.0414338731740138,0.008849927374646,0.0075838749006934,0.1375068923534629,0.0081342140305234,0.0911661157578695,0.0092478277912577
2095551965773599360,0.771155932324791,0.0055117589188265,0.6994576717535308,0.0059938810302374,0.0019281135527863,0.0041202808430048,0.0025701567941254,0.0012159852701229,0.4381738204926853,0.0085269841657402,0.6365547446845089,0.0086798959833411,0.5027906891240307,0.4649917590144917,0.4878311834695908,0.4470995468893547,0.5543124559067539,0.4462644502741228,0.3709684775020198,0.4914048568821202,0.4554248942719988,0.4864828956450551,0.2406779661016949,0.014843022229639,4.489845463258484e-05,0.006041968743086,2.0132409758012856e-05,0.0,0.1110318180078738,0.2349397590361445,0.8333333333333334,0.0082502435465618,0.1326860841423948,0.0628930817610062,0.0028015858998987,0.9787361963246146,0.0071710049154257,0.0394829709680168,0.6851780507621716,0.2079813341265171,0.5285517592028112,0.9801199727164476,0.9179230211927144,0.2156042852235163,0.0018036167495617,0.1638044914134742,5.973737908676581e-06,3.130601375923814e-07,0.1592893160771189,0.7004985160032221,0.173076923076923,5.024515795403668e-06,5.628506489384325e-07,0.0005125775757263,0.6080234938445248,0.1685823754789272,8.003007013351654e-06,3.812170341884976e-07,0.0001217166586426,0.6185364114447878,0.0084108824609252,0.3982531397423583,0.5147982444450864,0.4050211331454206,0.1780778603207007,0.6081317693754018,0.7834406432158946,0.8281326295236164,1.0,0.0,0.0,1.0,0.006170928456958,0.0615423375167821,0.8322881558310865,0.0554836022877026,0.0552313894279923,0.0966843224810763,0.7995560405832959,0.4561815076710853,0.7388933010469813,0.664093602959547,0.2951400213739916,0.9139802443527022,0.0292502791880596,0.052828920221855,0.1064318313027178,0.0038800389675227,0.0015300459723573,0.0390059725124056,0.0042440687448855,0.0016698440695238,0.1349610196212703,0.0039460623649238,0.0862028372399153,0.0066090496867612
6492528514620768896,0.9747846678253302,0.0040953775069448,0.1749440636018851,0.0047964713927017,2.0315384421359567e-05,0.0041430027398054,0.0010176296912275,0.0009896371004378,0.4395033761218657,0.006458209408045,0.6366866152906199,0.0072070158502793,0.4004348014771053,0.5824379593732488,0.427852894604837,0.5238431298290083,0.453733868732379,0.5411753126522437,0.4231580728270085,0.3538239328857234,0.4776359119589356,0.3878550240741664,0.3308474576271186,0.0122103584134146,4.713961767243551e-05,0.0008805090987788,4.74721583440541e-07,1.0,0.1137630868646305,0.3253012048192771,0.9166666666666666,0.007135835123746,0.1877022653721682,0.0849056603773584,0.0032044353048947,0.7634437233031802,0.0059171810199868,0.039410537348079,0.6854042676333466,0.2079292853983592,0.5288530961909843,0.9801183033329856,0.9178803286709064,0.2155299796504465,0.0013949509704945,0.2241303390576838,5.428342578113386e-06,2.6362235692403576e-07,0.1685499006600008,0.7060426466410513,0.2269230769230769,5.410961690010436e-06,3.890307008403394e-07,0.0007986895322688,0.6043322780973395,0.2260536398467433,5.955450601140297e-06,3.062524383326796e-07,0.0001127710074586,0.6340994120221889,0.0079262366556292,0.356449526857631,0.4948503287653162,0.3803547172311736,0.8969277716248149,0.19343615032232,0.8922660776559572,0.2303409405715408,1.0,0.0,0.0,1.0,0.0061709284569577,0.0615423375167588,0.8323122672191717,0.0856383185328727,0.0852432722715145,0.12560047286504,0.8157016120270035,0.4638754533219056,0.7544181970722679,0.6609816761035167,0.2940189928570854,0.9125468504494704,0.0447018150517345,0.067280489181898,0.1212047708026424,0.0075000754006306,0.0055101656689344,0.0418111165997427,0.008849927374646,0.0064845609508954,0.1384282550872454,0.0083520948520589,0.0903906035571503,0.010482485581274
2942418533272205312,0.2536293846928846,0.0011197383917585,0.3931593066752775,0.0014822721855329,0.0099689754051861,0.0009152831359956,0.0218351878880288,0.0016579283760684,0.4388964778328808,0.0017119822589066,0.6357785720953683,0.0019492080746789,0.551614712805093,0.5057830021183812,0.4752078658888878,0.5499034354988929,0.3628198062287758,0.5381460481695196,0.3092236048868532,0.5686273630157482,0.6037460961175555,0.5344569999808579,0.2305084745762712,0.0103723150923173,6.278494285547679e-05,0.0027198571864619,5.563164877216173e-05,1.0,0.1133601758051952,0.2228915662650602,0.5833333333333334,0.0015486217646787,0.1423948220064725,0.0691823899371069,0.004295152945761,0.7810207487167147,0.0051627252687629,0.039700213529155,0.6853497597386895,0.2081473958796891,0.5289357974043895,0.9801817864518406,0.9174369137913438,0.2156882248864359,0.0015578194475266,0.1686481726111845,0.000221748302866,2.0278867488054387e-05,0.1015806424464499,0.4902455234274731,0.1884615384615384,0.0002151080838202,1.3407132047644345e-05,0.0009211213569839,0.4208224843828571,0.1762452107279693,0.000246613696841,8.385638026517175e-06,0.0001704115677251,0.4378870179520749,0.0079341507548197,0.3610003550270326,0.4973539007482138,0.3826927994861957,0.626468426036943,0.3966444533413895,0.2546601471921217,0.2630452490236224,1.0,1.0,1.0,1.0,0.00617092845696,0.0615423375167697,0.8321217078742427,0.0826964705468625,0.0821859411656247,0.1226311557638118,0.8014641241447742,0.4561519224468231,0.7409086032645731,0.8201547929140584,0.3665394268603756,0.953815793816462,0.0083655615951566,0.0327806806210057,0.0875333804570696,0.0055600555443365,0.0032400974189698,0.039557328399346,0.0064843802407548,0.0037710645647138,0.135942998942393,0.0060280339581534,0.0879975941740567,0.0076742449523136
6376307386787122560,0.8626436970359557,0.0035980137930828,0.113915303652431,0.004830783613767,0.000657388792646,0.0039524844672412,0.0015890750418498,0.0013391818749489,0.4381471002196799,0.0052358739112932,0.6364308597443147,0.0064539978337729,0.4124799740607195,0.5266792796885119,0.5231427030545169,0.4506264424384916,0.4018548334653152,0.469490927057731,0.4005127664017656,0.3664700233131088,0.5596644081950839,0.4285144641745429,0.2942372881355932,0.0105242962667016,3.649251896682433e-05,0.0,0.0,0.0,0.1132906653723911,0.2951807228915662,0.8333333333333334,0.0061156396786847,0.1812297734627831,0.0786163522012578,0.0042082320631277,0.8673640597068867,0.0052603728899297,0.0394475430753546,0.6854824128252959,0.2079609302366699,0.5286430288111093,0.9801139739776348,0.9178991157757812,0.2157310423458598,0.0016756847293457,0.2228093350946719,6.832490385111984e-06,2.906365665561781e-07,0.1945700951395773,0.6927152786292603,0.2,6.614169105269967e-06,4.53170781449969e-07,0.0008380772795148,0.5943292786507746,0.1877394636015325,7.75186732861789e-06,3.726330672569774e-07,0.0001206153537978,0.6202157660203924,0.0079907077294133,0.3635440029213426,0.4981518049502159,0.3846285518657993,0.9032828054680376,0.3058443468382539,0.8063403567581777,0.2284916103041765,1.0,0.0,0.0,1.0,0.0061709284569576,0.0615423375167582,0.8323234795107505,0.076578418463211,0.0769034341359595,0.1163912489470728,0.7933179808774689,0.4521668538846341,0.7334792021451182,0.658577002613742,0.2953860978895897,0.9107497563026066,0.0459453194508858,0.0685331099111197,0.1221859231688023,0.0004500044867845,0.0001300039057675,0.0337922735524457,0.0005148542355529,0.0001530690375464,0.1298692744956034,0.0004841794468401,0.0849177026466904,0.0012104487047051
619195165798222208,0.3973981760534428,0.0088854079863591,0.5907735851648515,0.0059292728258732,0.0019948876098568,0.0069827669246279,0.0017083149559536,0.00107152143679,0.438141508112477,0.0125625938270103,0.6370210707639871,0.0067468083718941,0.3526237289655862,0.3187215108519847,0.3526798253134663,0.5738482736036021,0.6110996065756338,0.5538751853480891,0.1118406086687586,0.7750890719107124,0.3982773167706416,0.394349797868178,0.2542372881355932,0.0118382260321474,3.5830261151333374e-05,0.0,0.0,1.0,0.1114710064503795,0.2469879518072289,0.3333333333333333,0.0125234759872706,0.145631067961165,0.1194968553459119,0.003457873866206,0.1450195292606187,0.0058051184073016,0.0399331653127187,0.6859888941647029,0.2082608089960943,0.5288437499261069,0.9800253348054594,0.9176849456145488,0.2154806071593357,0.0016204100298513,0.1889035667107001,6.386225870226579e-06,3.140220862887324e-07,0.1697950877262031,0.6966300560773406,0.1846153846153846,5.467013137199404e-06,3.45870238564681e-07,0.0009076715136673,0.6038188188947865,0.1724137931034483,8.089723596518678e-06,3.703632850341699e-07,0.0001266419647675,0.6179687559861412,0.0081264301735168,0.389922282783058,0.5126787143367315,0.3981649600127844,0.5984347133777731,0.7379455433142661,0.3892078957789371,0.5092573432710461,1.0,0.0,0.0,1.0,0.0061709284569579,0.0615423375167598,0.8322951014984361,0.0635123482133241,0.0634700646031831,0.1041682893736845,0.8187289121406135,0.4648618783190874,0.7569459167130024,0.8422818161756963,0.3783421115353151,0.9594958896080296,0.0311993891505242,0.0545171762409147,0.1091444033329619,0.0090900906703014,0.0076402292058181,0.0431556516367994,0.0101022749425177,0.0084744584389987,0.1391920171327154,0.0092720359983358,0.0918973130464416,0.010990873605593
